title,anime_types,anime_episodes,anime_ratings,anime_averages,anime_reviews,anime_members
Ginga Eiyuu Densetsu,OVA,110,9.70(3558),8.76(3686),8.65(20),8896
Gintama (2015),TVSeries,51,9.63(1783),8.74(1814),9.83(2),4722
Ashita no Joe 2,TVSeries,47,9.62(462),8.19(473),N/A(0),1211
Mushishi Zoku Shou (2014),TVSeries,10,9.59(2460),8.65(2483),8.91(2),5686
Hagane no Renkinjutsushi (2009),TVSeries,64,9.55(12919),8.97(13202),9.27(11),25442
Mushishi Zoku Shou: Suzu no Shizuku,Movie,1,9.49(1584),8.52(1593),N/A(0),3709
Steins;Gate,TVSeries,24,9.46(11680),8.83(11928),8.46(12),21928
Gintama`,TVSeries,51,9.44(2879),8.74(2932),N/A(0),7049
Sangatsu no Lion (2017),TVSeries,22,9.43(1885),8.54(1901),5.16(1),4096
Mushishi Zoku Shou,TVSeries,11,9.42(2828),8.56(2848),8.41(2),6609
Gintama` (2012),TVSeries,13,9.40(2224),8.62(2252),N/A(0),5373
Suzumiya Haruhi no Shoushitsu,Movie,1,9.39(6891),8.67(6953),8.09(5),12987
Gekijouban Gintama Kanketsuhen: Yorozuya yo Eien Nare,Movie,1,9.35(1984),8.59(2005),9.77(3),3941
Gintama: The Final,Movie,1,9.35(454),8.53(463),7.05(3),1180
Kusuriya no Hitorigoto,TVSeries,24,9.31(194),8.60(201),N/A(0),960
Owarimonogatari (2017),TVSpecial,2,9.30(1796),8.43(1810),6.00(1),4311
Shouwa Genroku Rakugo Shinjuu: Sukeroku Futatabi Hen,TVSeries,12,9.29(1159),8.23(1163),N/A(0),2708
Mushishi Tokubetsu Hen: Hihamu Kage,TVSpecial,1,9.26(2584),8.46(2596),N/A(0),5295
Clannad: After Story,TVSeries,22,9.24(8983),8.74(9191),8.53(9),17625
Gintama.,TVSeries,12,9.24(1295),8.50(1309),N/A(0),3319
Aria the Origination,TVSeries,13,9.22(2591),8.53(2655),8.43(10),6871
Fruits Basket the Final,TVSeries,13,9.20(672),8.37(675),N/A(0),1823
Sousou no Frieren,TVSeries,28,9.20(398),8.58(417),N/A(0),1678
Hunter x Hunter (2011),TVSeries,148,9.19(5688),8.64(5774),7.74(2),12470
Gintama. (2018),TVSeries,14,9.16(837),8.46(843),4.00(1),2430
Usagi Drop,TVSeries,11,9.15(6692),8.57(6756),7.44(3),12270
Eiga Koe no Katachi,Movie,1,9.13(5161),8.46(5196),7.09(5),8483
Ginga Eiyuu Densetsu: Die Neue These - Sakubou,Movie,3,9.13(169),8.01(170),N/A(0),566
The First Slam Dunk,Movie,1,9.13(43),8.10(44),N/A(0),122
Ping Pong the Animation,TVSeries,11,9.12(2730),8.21(2744),6.33(4),5117
Rurouni Kenshin: Meiji Kenkaku Romantan - Tsuioku Hen,OVA,4,9.12(11449),8.89(11787),9.20(20),15528
Shingeki no Kyojin Season 3 (2019),TVSeries,10,9.12(3616),8.49(3649),N/A(0),7380
Cross Game,TVSeries,50,9.11(3243),8.66(3299),7.53(5),6442
Blue Giant,Movie,1,9.10(40),8.38(40),N/A(0),123
Kidou Senshi Gundam: The Origin,OVA,6,9.08(793),8.10(797),9.08(4),2309
Kimi no Na wa.,Movie,1,9.08(6616),8.44(6684),6.77(6),10580
Kono Sekai no Katasumi ni,Movie,1,9.07(1136),8.24(1141),N/A(0),2636
Shouwa Genroku Rakugo Shinjuu (2016),TVSeries,13,9.07(1791),8.15(1796),5.83(1),4334
Haikyuu!! Karasuno Koukou vs Shiratorizawa Gakuen Koukou,TVSeries,10,9.05(2261),8.37(2272),7.16(1),4272
Ginga Eiyuu Densetsu Gaiden,OVA,24,9.03(870),8.06(876),9.08(2),2612
Monogatari Series: Second Season,TVSeries,26,9.02(4373),8.35(4402),7.44(3),9948
Ginga Eiyuu Densetsu Gaiden (1999),OVA,28,9.01(790),8.05(796),8.41(2),2442
Made in Abyss,TVSeries,13,9.01(5187),8.39(5239),6.26(5),10023
Nodame Cantabile,TVSeries,23,8.99(7857),8.77(7984),8.21(12),13458
Code Geass: Hangyaku no Lelouch R2,TVSeries,25,8.98(14743),8.74(15179),7.60(17),25509
Gekijouban Violet Evergarden,Movie,1,8.97(843),8.20(850),N/A(0),2441
Ginga Eiyuu Densetsu: Aratanaru Tatakai no Overture,Movie,1,8.96(1248),8.03(1255),8.83(2),3033
Mushishi,TVSeries,26,8.95(9898),8.68(10082),8.42(15),18907
Ginga Eiyuu Densetsu: Die Neue These - Gekitotsu,Movie,3,8.93(203),7.93(204),7.66(1),707
Ookami Kodomo no Ame to Yuki,Movie,1,8.93(4598),8.35(4617),7.19(5),8501
Yojouhan Shinwa Taikei,TVSeries,11,8.93(3476),8.19(3505),6.28(8),7829
Hajime no Ippo: The Fighting! - New Challenger,TVSeries,26,8.92(3141),8.62(3209),6.08(2),6294
Eve no Jikan Gekijouban,Movie,1,8.91(3516),8.37(3539),9.33(4),7585
Natsume Yuujinchou Shi,TVSeries,13,8.91(2586),8.34(2605),7.50(1),5921
Uchuu Senkan Yamato 2199,OVA,26,8.91(1886),8.29(1897),8.21(6),4731
Fate/Zero (2012),TVSeries,12,8.90(7103),8.39(7147),7.73(5),14105
Natsume Yuujinchou Roku,TVSeries,11,8.90(1059),8.17(1067),N/A(0),2873
Kono Sekai no (Sara ni Ikutsumo no) Katasumi ni,Movie,1,8.89(55),8.11(56),N/A(0),199
Koukaku Kidoutai S.A.C. 2nd GIG,TVSeries,26,8.88(8092),8.64(8217),8.94(6),16458
Gekijouban Made in Abyss: Fukaki Tamashii no Reimei,Movie,1,8.87(1788),8.22(1797),3.00(1),3954
title,anime_types,anime_episodes,anime_ratings,anime_averages,anime_reviews,anime_members
Ginga Eiyuu Densetsu,OVA,110,9.70(3558),8.76(3686),8.65(20),8896
Gintama (2015),TVSeries,51,9.63(1783),8.74(1814),9.83(2),4722
Ashita no Joe 2,TVSeries,47,9.62(462),8.19(473),N/A(0),1211
Mushishi Zoku Shou (2014),TVSeries,10,9.59(2460),8.65(2483),8.91(2),5686
Hagane no Renkinjutsushi (2009),TVSeries,64,9.55(12919),8.97(13202),9.27(11),25442
Mushishi Zoku Shou: Suzu no Shizuku,Movie,1,9.49(1584),8.52(1593),N/A(0),3709
Steins;Gate,TVSeries,24,9.46(11680),8.83(11928),8.46(12),21928
Gintama`,TVSeries,51,9.44(2879),8.74(2932),N/A(0),7049
Sangatsu no Lion (2017),TVSeries,22,9.43(1885),8.54(1901),5.16(1),4096
Mushishi Zoku Shou,TVSeries,11,9.42(2828),8.56(2848),8.41(2),6609
Gintama` (2012),TVSeries,13,9.40(2224),8.62(2252),N/A(0),5373
Suzumiya Haruhi no Shoushitsu,Movie,1,9.39(6891),8.67(6953),8.09(5),12987
Gekijouban Gintama Kanketsuhen: Yorozuya yo Eien Nare,Movie,1,9.35(1984),8.59(2005),9.77(3),3941
Gintama: The Final,Movie,1,9.35(454),8.53(463),7.05(3),1180
Kusuriya no Hitorigoto,TVSeries,24,9.31(194),8.60(201),N/A(0),960
Owarimonogatari (2017),TVSpecial,2,9.30(1796),8.43(1810),6.00(1),4311
Shouwa Genroku Rakugo Shinjuu: Sukeroku Futatabi Hen,TVSeries,12,9.29(1159),8.23(1163),N/A(0),2708
Mushishi Tokubetsu Hen: Hihamu Kage,TVSpecial,1,9.26(2584),8.46(2596),N/A(0),5295
Clannad: After Story,TVSeries,22,9.24(8983),8.74(9191),8.53(9),17625
Gintama.,TVSeries,12,9.24(1295),8.50(1309),N/A(0),3319
Aria the Origination,TVSeries,13,9.22(2591),8.53(2655),8.43(10),6871
Fruits Basket the Final,TVSeries,13,9.20(672),8.37(675),N/A(0),1823
Sousou no Frieren,TVSeries,28,9.20(398),8.58(417),N/A(0),1678
Hunter x Hunter (2011),TVSeries,148,9.19(5688),8.64(5774),7.74(2),12470
Gintama. (2018),TVSeries,14,9.16(837),8.46(843),4.00(1),2430
Usagi Drop,TVSeries,11,9.15(6692),8.57(6756),7.44(3),12270
Eiga Koe no Katachi,Movie,1,9.13(5161),8.46(5196),7.09(5),8483
Ginga Eiyuu Densetsu: Die Neue These - Sakubou,Movie,3,9.13(169),8.01(170),N/A(0),566
The First Slam Dunk,Movie,1,9.13(43),8.10(44),N/A(0),122
Ping Pong the Animation,TVSeries,11,9.12(2730),8.21(2744),6.33(4),5117
Rurouni Kenshin: Meiji Kenkaku Romantan - Tsuioku Hen,OVA,4,9.12(11449),8.89(11787),9.20(20),15528
Shingeki no Kyojin Season 3 (2019),TVSeries,10,9.12(3616),8.49(3649),N/A(0),7380
Cross Game,TVSeries,50,9.11(3243),8.66(3299),7.53(5),6442
Blue Giant,Movie,1,9.10(40),8.38(40),N/A(0),123
Kidou Senshi Gundam: The Origin,OVA,6,9.08(793),8.10(797),9.08(4),2309
Kimi no Na wa.,Movie,1,9.08(6616),8.44(6684),6.77(6),10580
Kono Sekai no Katasumi ni,Movie,1,9.07(1136),8.24(1141),N/A(0),2636
Shouwa Genroku Rakugo Shinjuu (2016),TVSeries,13,9.07(1791),8.15(1796),5.83(1),4334
Haikyuu!! Karasuno Koukou vs Shiratorizawa Gakuen Koukou,TVSeries,10,9.05(2261),8.37(2272),7.16(1),4272
Ginga Eiyuu Densetsu Gaiden,OVA,24,9.03(870),8.06(876),9.08(2),2612
Monogatari Series: Second Season,TVSeries,26,9.02(4373),8.35(4402),7.44(3),9948
Ginga Eiyuu Densetsu Gaiden (1999),OVA,28,9.01(790),8.05(796),8.41(2),2442
Made in Abyss,TVSeries,13,9.01(5187),8.39(5239),6.26(5),10023
Nodame Cantabile,TVSeries,23,8.99(7857),8.77(7984),8.21(12),13458
Code Geass: Hangyaku no Lelouch R2,TVSeries,25,8.98(14743),8.74(15179),7.60(17),25509
Gekijouban Violet Evergarden,Movie,1,8.97(843),8.20(850),N/A(0),2441
Ginga Eiyuu Densetsu: Aratanaru Tatakai no Overture,Movie,1,8.96(1248),8.03(1255),8.83(2),3033
Mushishi,TVSeries,26,8.95(9898),8.68(10082),8.42(15),18907
Ginga Eiyuu Densetsu: Die Neue These - Gekitotsu,Movie,3,8.93(203),7.93(204),7.66(1),707
Ookami Kodomo no Ame to Yuki,Movie,1,8.93(4598),8.35(4617),7.19(5),8501
Yojouhan Shinwa Taikei,TVSeries,11,8.93(3476),8.19(3505),6.28(8),7829
Hajime no Ippo: The Fighting! - New Challenger,TVSeries,26,8.92(3141),8.62(3209),6.08(2),6294
Eve no Jikan Gekijouban,Movie,1,8.91(3516),8.37(3539),9.33(4),7585
Natsume Yuujinchou Shi,TVSeries,13,8.91(2586),8.34(2605),7.50(1),5921
Uchuu Senkan Yamato 2199,OVA,26,8.91(1886),8.29(1897),8.21(6),4731
Fate/Zero (2012),TVSeries,12,8.90(7103),8.39(7147),7.73(5),14105
Natsume Yuujinchou Roku,TVSeries,11,8.90(1059),8.17(1067),N/A(0),2873
Kono Sekai no (Sara ni Ikutsumo no) Katasumi ni,Movie,1,8.89(55),8.11(56),N/A(0),199
Koukaku Kidoutai S.A.C. 2nd GIG,TVSeries,26,8.88(8092),8.64(8217),8.94(6),16458
Gekijouban Made in Abyss: Fukaki Tamashii no Reimei,Movie,1,8.87(1788),8.22(1797),3.00(1),3954
Haikyuu!! Second Season,TVSeries,25,8.87(2607),8.34(2623),7.00(1),4978
Kaguya-sama wa Kokurasetai: Ultra Romantic,TVSeries,13,8.87(1334),8.19(1345),5.66(1),3010
Ore no Michi,OVA,4,8.87(39),6.30(40),N/A(0),122
Hajime no Ippo: The Fighting!,TVSeries,75,8.86(5622),8.69(5778),7.55(11),10322
Gintama. (2017),TVSeries,25,8.85(1038),8.28(1046),N/A(0),2888
Ginga Eiyuu Densetsu: Die Neue These (2019),Movie,3,8.84(450),7.96(454),N/A(0),1354
Vinland Saga Season 2,TVSeries,24,8.84(786),8.24(795),5.33(2),1890
Evangelion Shin Gekijouban: Ha,Movie,1,8.83(5611),8.33(5646),6.97(7),11494
Hajime no Ippo: The Fighting! - Rising,TVSeries,25,8.82(1561),8.25(1575),N/A(0),3639
Monster,TVSeries,74,8.82(8475),8.59(8657),8.14(19),16270
Chihayafuru 3,TVSeries,24,8.80(727),8.04(734),7.16(2),1861
Mononoke-hime,Movie,1,8.79(13855),8.56(13980),8.95(11),20635
Bakuman. (2012),TVSeries,25,8.78(2651),8.27(2664),4.83(1),5514
Hidamari no Ki,TVSeries,25,8.78(126),7.34(134),N/A(0),520
Natsume Yuujinchou San,TVSeries,13,8.78(2943),8.31(2961),N/A(0),6429
Chihayafuru 2,TVSeries,25,8.77(2370),8.18(2376),7.33(1),4970
Odd Taxi,TVSeries,13,8.77(1253),8.04(1262),5.41(2),2683
Versailles no Bara,TVSeries,40,8.77(1331),8.08(1351),8.37(7),3568
Eve no Jikan,Web,6,8.75(5371),8.42(5416),8.94(3),10542
Natsume Yuujinchou Go,TVSeries,11,8.75(1271),8.09(1280),6.83(1),3281
Sen to Chihiro no Kamikakushi,Movie,1,8.75(14836),8.52(14935),8.69(12),22037
Kingdom (2024),TVSeries,,8.74(16),8.06(16),N/A(0),159
Cowboy Bebop,TVSeries,26,8.73(18181),8.65(18581),9.08(23),29210
GTO,TVSeries,43,8.73(13672),8.72(14083),8.63(27),20417
Tengen Toppa Gurren Lagann,TVSeries,27,8.73(13406),8.58(13732),8.61(29),24239
Yorinuki Gintama-san on Theater 2D,Movie,2,8.73(485),8.09(493),N/A(0),1127
One Punch Man,TVSeries,12,8.72(8644),8.33(8729),5.90(12),15289
Gekijouban Tengen Toppa Gurren Lagann: Lagann Hen,Movie,1,8.71(2291),8.19(2309),N/A(0),5832
Kizumonogatari,Movie,3,8.71(2713),8.14(2729),6.74(4),6773
Koukaku Kidoutai Stand Alone Complex,TVSeries,26,8.71(10872),8.58(11038),8.88(18),20361
Vinland Saga,TVSeries,24,8.71(2814),8.20(2836),8.50(2),6196
Yuru Camp Season 2,TVSeries,13,8.71(976),8.13(978),N/A(0),2420
Kingdom (2020),TVSeries,26,8.70(320),8.00(322),N/A(0),1065
Nodame Cantabile: Finale,TVSeries,11,8.70(3425),8.38(3441),7.60(3),7020
Gekijouban Natsume Yuujinchou: Utsusemi ni Musubu,Movie,1,8.69(474),7.92(477),N/A(0),1365
Lupin Sansei: Part 5,TVSeries,24,8.69(359),7.75(363),7.83(1),1325
Ashita no Joe,TVSeries,79,8.67(654),7.68(665),N/A(0),2214
Shirobako,TVSeries,24,8.67(2825),8.07(2841),8.08(2),6874
Kingdom (2022),TVSeries,26,8.66(208),8.04(209),N/A(0),675
Aria the Avvenire,OVA,3,8.65(775),7.87(778),N/A(0),2071
Kaze no Tani no Nausicaa,Movie,1,8.65(8789),8.38(8844),8.36(11),14498
Kino no Tabi: The Beautiful World,TVSeries,13,8.65(5305),8.33(5342),7.72(9),10942
Zoku Natsume Yuujinchou,TVSeries,13,8.65(4079),8.36(4118),N/A(0),8480
Gintama (2016),OVA,2,8.64(779),8.12(785),N/A(0),1705
Made in Abyss: Retsujitsu no Ougonkyou,TVSeries,12,8.64(1102),8.09(1110),N/A(0),2768
"""Oshi no Ko""",TVSeries,11,8.63(1027),8.06(1045),4.00(1),2418
Code Geass: Hangyaku no Lelouch,TVSeries,25,8.63(17254),8.61(17689),7.56(19),30271
Golden Kamuy (2020),TVSeries,12,8.63(800),8.12(803),7.33(1),1998
Saiki Kusuo no Sainan (2018),TVSeries,24,8.62(1554),8.17(1558),6.33(1),3173
Stand By Me Doraemon 2,Movie,1,8.62(121),8.24(123),N/A(0),261
Ginga Eiyuu Densetsu: Waga Yuku wa Hoshi no Taikai,Movie,1,8.61(1548),7.85(1553),N/A(0),3476
Gintama,TVSeries,201,8.60(5460),8.40(5616),6.96(5),13984
Non Non Biyori: Vacation,Movie,1,8.60(898),8.05(900),N/A(0),2036
Baccano!,TVSeries,13,8.59(9151),8.38(9253),8.68(10),18230
Fate/Zero,TVSeries,13,8.59(8030),8.26(8092),8.18(9),16392
Non Non Biyori Nonstop,TVSeries,12,8.59(784),8.10(790),N/A(0),1863
Yi Nian Yong Heng: Chuan Cheng Pian,Web,54,8.59(16),7.75(16),N/A(0),88
Bocchi the Rock!,TVSeries,12,8.58(1209),8.11(1218),N/A(0),2605
Death Note,TVSeries,37,8.58(20479),8.65(21310),7.90(23),33707
Mahou Shoujo Madoka Magica,TVSeries,12,8.58(9008),8.25(9111),7.48(14),16438
Violet Evergarden Gaiden: Eien to Jidou Shuki Ningyou,Movie,1,8.58(1167),8.12(1172),N/A(0),2745
Yojouhan Time Machine Blues,Web,6,8.58(225),7.79(227),N/A(0),540
Chibi Maruko-chan: Watashi no Suki na Uta,Movie,1,8.57(60),6.73(61),N/A(0),208
Ningen Shikkaku: Director`s Cut Ban,Movie,1,8.57(106),7.57(107),N/A(0),398
Tsumiki no Ie,Movie,1,8.57(2596),7.92(2612),8.29(5),4203
Aria the Natural,TVSeries,26,8.56(2845),8.27(2878),7.66(3),7144
Kaguya-sama wa Kokurasetai: First Kiss wa Owaranai,Movie,1,8.56(498),7.96(504),N/A(0),1210
Sora yori mo Tooi Basho,TVSeries,13,8.56(2430),8.10(2442),7.00(1),5229
Gekijouban Mahou Shoujo Madoka Magica,Movie,3,8.55(3125),7.97(3140),N/A(0),6536
Planetes,TVSeries,26,8.54(7388),8.42(7449),8.61(21),14258
Seirei no Moribito,TVSeries,26,8.54(7519),8.50(7626),8.78(17),14180
Tentai Senshi Sunred 2,TVSeries,26,8.54(594),7.98(598),N/A(0),1568
Hotaru no Haka,Movie,1,8.53(8040),8.28(8102),8.64(9),13166
Koukaku Kidoutai Stand Alone Complex: The Laughing Man,OVA,1,8.53(1721),8.26(1732),N/A(0),5188
Major (2009),TVSeries,25,8.53(1465),8.36(1487),7.83(1),3003
Princess Tutu,TVSeries,38,8.53(2020),8.04(2037),8.46(10),5040
Shingeki no Kyojin: The Final Season,TVSeries,16,8.53(2308),8.15(2337),N/A(0),5351
Toki o Kakeru Shoujo,Movie,1,8.53(11680),8.43(11790),8.01(12),19322
Katanagatari,TVSeries,12,8.52(6045),8.25(6107),8.09(5),13457
Kimi no Suizou o Tabetai,Movie,1,8.52(1954),8.13(1968),9.33(1),3808
Ookami to Koushinryou II,TVSeries,12,8.52(6651),8.31(6702),7.49(3),13646
Out of Sight,Web,1,8.52(477),7.75(482),N/A(0),747
Mob Psycho 100 II,TVSeries,13,8.51(3027),8.09(3041),5.33(1),6041
Bakemonogatari,TVSeries,12,8.50(11593),8.33(11734),8.33(7),22766
Koukaku Kidoutai S.A.C. 2nd GIG: Individual Eleven,OVA,1,8.50(1509),8.23(1520),N/A(0),4808
NHK ni Youkoso!,TVSeries,24,8.50(10957),8.46(11116),7.51(18),18910
Owarimonogatari,TVSeries,12,8.50(2580),8.03(2593),N/A(0),6363
Yoru wa Mijikashi Aruke yo Otome,Movie,1,8.50(1042),7.80(1045),N/A(0),2232
Aria the Benedizione,Movie,1,8.49(174),7.76(175),N/A(0),481
Fruits Basket: Prelude,Movie,1,8.49(194),7.85(194),N/A(0),641
Gekijouban Soushuuhen Made in Abyss,Movie,2,8.49(511),7.90(516),N/A(0),1820
Hachimitsu to Clover II,TVSeries,12,8.49(5038),8.48(5106),8.44(7),8539
Josee to Tora to Sakana-tachi,Movie,1,8.49(768),8.01(775),N/A(0),1769
Mushoku Tensei: Isekai Ittara Honki Dasu (2021),TVSeries,12,8.49(2263),8.07(2286),6.25(2),4944
Sennen Joyuu,Movie,1,8.49(4372),8.13(4390),8.54(7),8067
Meitantei Conan: Episode One - Chiisaku Natta Meitantei,TVSpecial,1,8.48(202),7.65(203),N/A(0),511
Bakuman. (2011),TVSeries,25,8.47(3116),8.14(3134),N/A(0),6462
Gekijouban Fate/Stay Night: Heaven`s Feel,Movie,3,8.47(1369),8.00(1379),N/A(0),3901
Hanada Shounen-shi,TVSeries,25,8.47(679),8.10(683),8.83(1),1863
Hidamari Sketch: Sae Hiro Sotsugyou Hen,OVA,2,8.47(532),7.78(534),N/A(0),1365
Omae Umasou Da na,Movie,1,8.47(287),7.48(289),N/A(0),759
Violet Evergarden,TVSeries,13,8.47(4111),8.08(4138),7.10(3),8552
Xing Fu Lu Shang,Movie,1,8.47(13),6.75(14),N/A(0),66
Hibike! Euphonium 2,TVSeries,13,8.46(1658),7.95(1663),7.16(1),3679
Koukaku Kidoutai Stand Alone Complex: Solid State Society,TVSpecial,1,8.46(4442),8.33(4481),7.95(4),9867
Lupin the IIIrd: Jigen Daisuke no Bohyou,Movie,1,8.46(577),7.72(578),N/A(0),1445
Sakamichi no Apollon,TVSeries,12,8.46(3448),8.10(3464),7.16(5),7063
Gekijouban Gintama: Shin`yaku Benizakura Hen,Movie,1,8.45(1825),8.08(1842),N/A(0),4014
Gintama: The Semi-Final,Web,2,8.45(401),8.07(403),N/A(0),1011
JoJo no Kimyou na Bouken: Diamond wa Kudakenai,TVSeries,39,8.44(2338),8.00(2353),4.50(1),4938
Kidou Senshi Gundam: The Origin - Zen`ya Akai Suisei,TVSeries,13,8.44(159),7.67(160),8.33(1),527
Kono Oto Tomare! (2019),TVSeries,13,8.44(671),8.08(672),N/A(0),1536
One Outs,TVSeries,25,8.44(3115),8.25(3159),6.24(4),6088
Shinsekai yori,TVSeries,25,8.44(5203),8.10(5254),7.28(7),11608
Uchuu Kyoudai,TVSeries,99,8.44(1833),8.12(1846),5.00(1),5150
Zoku Owarimonogatari,Movie,1,8.44(1051),7.93(1059),N/A(0),2983
Aria the OVA: Arietta,OVA,1,8.43(2140),8.10(2157),4.50(1),5242
Shigatsu wa Kimi no Uso,TVSeries,22,8.43(5440),8.08(5482),7.74(6),10159
Summer Time Render,TVSeries,25,8.43(980),8.00(991),N/A(0),2508
Haikyuu!! To the Top (2020),TVSeries,12,8.42(833),8.03(840),6.50(1),1966
Kemono no Souja Erin,TVSeries,50,8.42(2095),8.16(2116),7.24(6),5582
Liz to Aoi Tori,Movie,1,8.42(789),7.79(798),N/A(0),1976
Wu Liuqi: Xuanwu Guo Pian,Web,10,8.42(108),7.55(110),N/A(0),269
Yakusoku no Neverland,TVSeries,12,8.42(3444),8.11(3465),5.91(2),6662
Dennou Coil,TVSeries,26,8.41(5326),8.31(5389),8.20(8),11796
Gekijouban Shoujo Kageki Revue Starlight,Movie,1,8.41(130),7.58(130),N/A(0),397
Higurashi no Naku Koro ni Kai,TVSeries,24,8.41(6257),8.31(6351),8.21(6),12914
Kaguya-sama wa Kokurasetai? Tensai-tachi no Ren`ai Zunousen,TVSeries,12,8.41(2522),8.05(2540),8.50(1),5157
Maison Ikkoku,TVSeries,96,8.41(1488),8.13(1518),7.91(6),4006
Nodame Cantabile: Paris Hen,TVSeries,11,8.41(4591),8.33(4615),6.91(2),8532
Detroit Metal City,OVA,12,8.40(5711),8.28(5779),7.41(4),10076
Girls und Panzer Gekijouban,Movie,1,8.40(1084),7.95(1092),N/A(0),2554
Kaiba,TVSeries,12,8.40(3271),8.09(3324),8.10(6),7104
Luo Xiao Hei Zhanji (2019),Movie,1,8.40(140),7.30(140),N/A(0),441
Mirai Shounen Conan,TVSeries,26,8.40(1196),8.02(1220),8.20(4),2997
Ghost in the Shell,Movie,1,8.39(12687),8.36(12807),8.58(11),19995
Mononoke,TVSeries,12,8.39(2985),8.08(3017),8.12(5),7034
Non Non Biyori Repeat,TVSeries,12,8.39(2102),7.99(2110),7.50(1),4470
Fruits Basket 2nd Season,TVSeries,25,8.38(792),7.96(794),N/A(0),2291
Pluto,Web,8,8.38(292),7.90(295),6.50(2),650
Redline,Movie,1,8.38(4433),8.06(4461),7.66(5),8494
Touch,TVSeries,101,8.38(1221),8.09(1236),8.27(3),2983
Kiseijuu: Sei no Kakuritsu,TVSeries,24,8.37(6156),8.09(6190),7.74(4),11542
Magical Girl Lyrical Nanoha The Movie 2nd A`s,Movie,1,8.37(715),7.81(721),N/A(0),1937
Ookami to Koushinryou,TVSeries,12,8.37(10093),8.34(10206),8.31(10),19376
Romeo no Aoi Sora,TVSeries,33,8.37(317),7.77(320),N/A(0),1275
Sangatsu no Lion,TVSeries,22,8.37(2620),7.93(2633),7.00(1),5906
Barakamon,TVSeries,12,8.36(4213),8.03(4236),7.91(2),8175
Eiga K-On!,Movie,1,8.36(3140),8.02(3154),7.50(1),6351
Kaguya-hime no Monogatari,Movie,1,8.36(1606),7.75(1612),7.27(3),3705
Lupin the IIIrd: Chikemuri no Ishikawa Goemon,Movie,1,8.36(377),7.59(380),N/A(0),1085
Nana,TVSeries,47,8.36(4934),8.42(5096),7.63(5),10543
Raiyantsuuri no Uta,Movie,1,8.36(18),7.19(18),7.66(1),126
xxxHOLiC Rou,OVA,2,8.36(1714),8.09(1722),7.83(1),4211
Glass no Kamen (2005),TVSeries,51,8.35(698),7.98(711),7.91(2),2053
Kimetsu no Yaiba: Yuukaku Hen,TVSeries,11,8.35(1713),8.00(1724),6.50(2),4088
Mimi o Sumaseba,Movie,1,8.35(4718),8.18(4740),9.04(7),9049
Natsume Yuujinchou: Itsuka Yuki no Hi ni,OVA,1,8.35(1110),7.87(1114),N/A(0),2715
Seikai no Senki II,TVSeries,10,8.35(3713),8.25(3725),8.99(4),7189
Stranger: Mukou Hadan,Movie,1,8.35(6147),8.24(6186),8.70(4),11208
Eiga Yuru Camp,Movie,1,8.34(363),8.00(364),N/A(0),950
Gin no Saji (2014),TVSeries,11,8.34(2383),8.01(2391),7.66(1),4673
Ousama Ranking,TVSeries,23,8.34(1099),7.89(1108),4.05(3),2506
Steins;Gate: Fuka Ryouiki no Deja vu,Movie,1,8.34(4328),8.06(4359),6.74(2),8363
One Piece,TVSeries,,8.33(9114),8.60(9834),8.68(20),20719
Spy x Family,TVSeries,12,8.33(2267),8.01(2287),N/A(0),5095
Tonari no Totoro,Movie,1,8.33(8794),8.22(8852),8.74(8),15040
Ano Hi Mita Hana no Namae o Bokutachi wa Mada Shiranai.,TVSeries,11,8.32(8525),8.15(8620),7.46(11),15426
Ghost in the Shell (2008),Movie,1,8.32(2694),8.06(2711),6.61(3),6973
Haikyuu!!,TVSeries,25,8.32(3429),8.04(3450),7.00(1),6822
Han Hua Ri Ji Di San Ji,Web,12,8.32(11),7.04(11),N/A(0),57
Kenpuu Denki Berserk,TVSeries,25,8.32(10364),8.42(10649),8.26(35),17418
Major (2010),TVSeries,25,8.32(1142),8.13(1150),N/A(0),2562
xxxHOLiC: Kei,TVSeries,13,8.32(3337),8.25(3362),8.33(3),7525
Akage no Anne,TVSeries,50,8.30(542),7.73(556),7.83(3),1743
Bleach: Sennen Kessen Hen,TVSeries,13,8.30(690),7.91(703),4.66(1),1990
Gyakkyou Burai Kaiji: Hakairoku Hen,TVSeries,26,8.30(2121),7.90(2136),N/A(0),4378
Hidamari Sketch x Hoshi Mittsu,TVSeries,12,8.30(1252),7.95(1260),N/A(0),3096
Honzuki no Gekokujou: Shisho ni Naru Tame ni wa Shudan o Erande Iraremasen (2020),TVSeries,12,8.30(1495),7.94(1502),4.33(2),3341
Hotarubi no Mori e,Movie,1,8.30(4184),8.00(4209),8.50(1),7753
Karakai Jouzu no Takagi-san 3,TVSeries,12,8.30(501),7.89(504),N/A(0),1348
Major,TVSeries,26,8.30(2502),8.32(2539),8.32(5),4575
Roujin to Umi,Movie,1,8.30(32),7.18(32),N/A(0),78
Shingeki no Kyojin Season 3,TVSeries,12,8.30(3946),8.09(3972),7.91(2),8282
Suzume no Tojimari,Movie,1,8.30(522),7.90(528),N/A(0),1238
Black Lagoon: The Second Barrage,TVSeries,12,8.29(11082),8.39(11180),8.25(11),20512
Hagane no Renkinjutsushi,TVSeries,51,8.29(20498),8.59(21206),8.73(38),29610
Major: World Series,OVA,2,8.29(616),7.88(617),N/A(0),1417
Black Jack Final,OVA,2,8.28(342),7.43(344),N/A(0),1117
Gekijouban Karakai Jouzu no Takagi-san,Movie,1,8.28(234),7.81(236),N/A(0),679
Hidamari Sketch x Honeycomb,TVSeries,12,8.28(838),7.80(840),N/A(0),2179
Juuni Kokuki,TVSeries,45,8.28(8841),8.48(9035),8.33(26),14209
Shingeki no Kyojin: The Final Season (2023),TVSpecial,2,8.28(720),7.97(730),N/A(0),1866
Tenkuu no Shiro Laputa,Movie,1,8.28(7260),8.17(7284),8.73(5),12700
Yuru Camp,TVSeries,12,8.28(2439),7.97(2451),8.00(2),5237
Gekijouban Kara no Kyoukai: The Garden of Sinners,Movie,7,8.26(7379),8.20(7478),7.96(9),15849
Shoujo Shuumatsu Ryokou,TVSeries,12,8.26(2087),7.89(2098),8.33(3),4642
Tsubasa Tokyo Revelations,OVA,3,8.26(2551),8.29(2591),8.83(2),6121
Fate/Stay Night: Unlimited Blade Works (2015),TVSeries,13,8.24(4193),7.92(4211),7.16(1),8373
Fullmetal Panic? Fumoffu,TVSeries,11,8.24(13561),8.50(13758),8.29(21),21522
Hellsing (2006),OVA,10,8.24(7547),8.33(7738),7.71(6),17552
JoJo no Kimyou na Bouken: Ougon no Kaze,TVSeries,39,8.24(1545),7.89(1556),N/A(0),3703
Natsume Yuujinchou: Ishi Okoshi to Ayashiki Raihousha,Movie,1,8.24(244),7.64(244),N/A(0),766
Omoide no Marnie,Movie,1,8.24(1823),7.81(1829),8.49(2),3940
Shingeki no Kyojin,TVSeries,25,8.24(11125),8.18(11290),7.10(8),20805
Kono Subarashii Sekai ni Shukufuku o! Kurenai Densetsu,Movie,1,8.23(2250),7.96(2261),N/A(0),4802
Sono Bisque Doll wa Koi o Suru,TVSeries,12,8.23(1951),8.06(1976),N/A(0),4250
Chihayafuru,TVSeries,25,8.22(3429),7.96(3445),7.79(5),7808
Cowboy Bebop: Tengoku no Tobira,Movie,1,8.22(9719),8.31(9780),8.60(8),16266
Donguri no Ie,Movie,1,8.22(13),6.42(13),N/A(0),62
Gekijouban Kara no Kyoukai: Mirai Fukuin - The Garden of Sinners Recalled Out Summer,Movie,1,8.22(1868),7.85(1880),N/A(0),4309
JoJo no Kimyou na Bouken: Stardust Crusaders (2015),TVSeries,24,8.22(2762),7.92(2775),N/A(0),5596
Major (2007),TVSeries,26,8.22(2003),8.32(2032),7.50(1),3596
Qin Shi Mingyue: Junlin Tianxia,Web,75,8.22(13),6.46(13),N/A(0),79
Saenai Heroine no Sodatekata Fine,Movie,1,8.22(503),7.79(506),N/A(0),1504
Seikai no Monshou,TVSeries,13,8.22(4928),8.20(4958),8.70(12),9204
Shingeki no Kyojin: The Final Season (2022),TVSeries,12,8.22(1447),8.00(1458),N/A(0),3557
Tokyo Godfathers,Movie,1,8.22(4938),8.05(4959),8.77(6),8880
Dou Po Cangqiong Nian Fan,Web,104,8.21(17),7.77(18),N/A(0),83
Howl no Ugoku Shiro,Movie,1,8.21(10895),8.24(10956),6.89(5),17946
Samurai Champloo,TVSeries,26,8.21(14174),8.43(14446),8.24(24),23795
Uchouten Kazoku 2,TVSeries,12,8.21(815),7.72(819),N/A(0),2016
86 (2021),TVSeries,12,8.20(1149),7.91(1154),5.16(1),2988
Aria the Crepuscolo,Movie,1,8.20(237),7.58(240),N/A(0),678
Haibane Renmei,TVSeries,13,8.20(8126),8.23(8208),7.67(14),14751
Kanon (2006),TVSeries,24,8.20(6772),8.34(6896),8.54(13),13186
Kaze ga Tsuyoku Fuite Iru,TVSeries,23,8.20(872),7.77(878),N/A(0),2161
Skip Beat!,TVSeries,25,8.20(3283),8.33(3349),6.83(2),6530
"Bungou Stray Dogs (2023, TV)",TVSeries,11,8.19(191),7.72(193),N/A(0),643
City Hunter 2,TVSeries,63,8.19(862),7.89(872),5.50(1),2564
Fate/Stay Night: Unlimited Blade Works (2014),TVSeries,13,8.19(4794),7.95(4824),7.33(3),9802
Hunter x Hunter (1999),TVSeries,62,8.19(6155),8.39(6313),8.72(13),10948
Kingdom (2013),TVSeries,39,8.19(950),7.97(956),N/A(0),2534
Master Keaton,TVSeries,24,8.19(900),7.86(904),9.00(2),2560
Psycho-Pass,TVSeries,22,8.19(7232),8.07(7286),6.56(5),15073
Beck: Mongolian Chop Squad,TVSeries,26,8.18(6887),8.39(7048),7.45(15),12074
Hachimitsu to Clover,TVSeries,24,8.18(7186),8.36(7299),8.98(17),12335
Hunter x Hunter: Greed Island Final,OVA,14,8.18(4129),8.34(4189),7.33(1),7206
Kidou Senshi Gundam Unicorn,OVA,7,8.18(1573),8.03(1592),7.00(2),4649
Lupin Sansei: Cagliostro no Shiro,Movie,1,8.18(2482),7.93(2493),N/A(0),4654
Major (2005),TVSeries,26,8.18(2170),8.30(2196),7.91(2),3839
Eikoku Koi Monogatari Emma: Molders Hen,TVSeries,12,8.17(911),7.94(914),N/A(0),2334
Evangelion Shin Gekijouban: Jo,Movie,1,8.16(6525),8.08(6586),7.54(4),13330
Hajime no Ippo: Champion Road,TVSpecial,1,8.16(3157),8.24(3181),N/A(0),5953
Konnichiwa Anne,TVSeries,39,8.16(136),7.61(138),N/A(0),684
Natsume Yuujinchou,TVSeries,13,8.16(5246),8.15(5293),7.49(4),11499
Ojamajo Doremi Na-i-sho,OVA,13,8.16(163),7.50(165),9.24(2),645
Saiki Kusuo no Sainan: Kanketsuhen,TVSpecial,1,8.16(916),7.86(920),N/A(0),1771
Tatsumi,Movie,1,8.16(70),6.97(71),N/A(0),225
The Dog of Flanders,Movie,1,8.16(425),7.46(427),7.16(1),1209
Golden Kamuy (2018),TVSeries,12,8.15(1255),7.85(1260),N/A(0),2883
Golden Kamuy (2022),TVSeries,13,8.15(319),7.83(319),N/A(0),963
Hunter x Hunter: Original Video Animation,OVA,8,8.15(4162),8.33(4208),8.49(3),7151
Idol,MusicVideo,1,8.15(175),7.63(176),N/A(0),288
Kimetsu no Yaiba: Yuukaku Hen - Tokubetsu Henshuu Ban,TVSpecial,2,8.15(19),7.57(19),N/A(0),67
Mushoku Tensei: Isekai Ittara Honki Dasu,TVSeries,11,8.15(3078),7.90(3117),7.29(5),6445
Bakemono no Ko,Movie,1,8.14(2430),7.88(2447),7.38(3),4619
Ie Naki Ko,TVSeries,51,8.14(263),7.41(266),N/A(0),890
Saiki Kusuo no Sainan (2016),TVSeries,120,8.14(2364),7.90(2369),7.16(1),4999
Saiunkoku Monogatari 2nd Series,TVSeries,39,8.14(1186),8.21(1206),N/A(0),3115
Gankutsuou,TVSeries,24,8.13(4939),8.19(4995),7.49(15),10159
Hikaru no Go,TVSeries,75,8.13(5134),8.34(5228),8.57(15),8898
Hyouge Mono,TVSeries,39,8.13(435),7.50(442),N/A(0),1656
JoJo no Kimyou na Bouken: Stone Ocean (Part 3),Web,14,8.13(359),7.74(361),7.83(2),844
Kyou kara Ore wa!!,OVA,10,8.13(583),7.74(590),N/A(0),1499
Nichijou,TVSeries,26,8.13(4771),7.95(4812),7.44(3),11092
Rainbow: Nisha Rokubou no Shichinin,TVSeries,26,8.13(2584),7.93(2611),7.27(3),6425
Meitantei Conan: Shikkoku no Chaser,Movie,1,8.12(576),7.81(582),N/A(0),1641
Minky Momo in Yume ni Kakeru Hashi,OVA,1,8.12(143),7.17(144),6.00(1),484
Pop Team Epic (2022),TVSeries,12,8.12(218),7.94(219),N/A(0),589
Sayonara no Asa ni Yakusoku no Hana o Kazarou,Movie,1,8.12(1485),7.82(1494),8.16(1),3347
Shiguang Dailiren,Web,11,8.12(379),7.73(382),9.00(1),1138
Youjo Senki (2019),Movie,1,8.12(1500),7.84(1508),5.50(1),3343
Gintama` (2014),OVA,1,8.11(738),7.82(745),N/A(0),1706
Honzuki no Gekokujou: Shisho ni Naru Tame ni wa Shudan o Erande Iraremasen,TVSeries,14,8.11(1896),7.89(1909),7.72(3),4186
Les Miserables: Shoujo Cosette,TVSeries,52,8.11(384),7.87(392),9.41(2),1593
School Rumble,TVSeries,26,8.11(10488),8.45(10680),8.35(15),16460
Kimetsu no Yaiba: Katanakaji no Sato Hen,TVSeries,11,8.10(931),7.89(938),N/A(0),2439
Steins;Gate 0,TVSeries,23,8.10(2454),7.87(2478),5.66(3),6008
Area 88,OVA,3,8.09(836),7.59(846),8.08(2),2051
Boku dake ga Inai Machi,TVSeries,12,8.09(6668),7.93(6720),6.56(5),11556
Douluo Dalu: Jingying Sai,Web,52,8.09(85),7.67(88),N/A(0),291
Fullmetal Panic! The Second Raid,TVSeries,13,8.09(11311),8.42(11464),8.65(15),19531
Seikai no Senki,TVSeries,13,8.09(4145),8.14(4168),8.49(6),8007
Suzumiya Haruhi no Yuuutsu,TVSeries,14,8.09(16726),8.36(17113),8.12(26),26086
Ef - a Tale of Melodies.,TVSeries,12,8.08(3262),8.09(3287),6.95(4),8252
Lupin Sansei (2015),TVSeries,26,8.08(472),7.55(473),N/A(0),1768
Chainsaw Man,TVSeries,12,8.07(1784),7.92(1800),7.55(3),4093
Karigurashi no Arrietty,Movie,1,8.07(3821),7.94(3839),7.58(4),7474
Mob Psycho 100 III,TVSeries,12,8.07(836),7.81(842),N/A(0),2210
Seishun Buta Yarou wa Yumemiru Shoujo no Yume o Minai,Movie,1,8.07(1620),7.85(1635),N/A(0),3424
Slam Dunk,TVSeries,101,8.07(2423),8.21(2476),8.41(6),4983
Tamayura: Sotsugyou Shashin,Movie,4,8.07(271),7.51(272),N/A(0),886
Dou Po Cangqiong: San Nian Zhi Yue,Web,13,8.06(37),7.16(37),N/A(0),100
Kaleido Star: Legend of Phoenix - Layla Hamilton Monogatari,OVA,1,8.06(866),8.02(871),9.50(1),2097
Major: Message,OVA,1,8.06(765),7.84(768),N/A(0),1711
Toaru Kagaku no Railgun T,TVSeries,25,8.06(940),7.84(946),N/A(0),2842
Eiga Daisuki Pompo-san,Movie,1,8.05(215),7.36(216),N/A(0),565
Kaze Tachinu,Movie,1,8.05(2516),7.82(2529),8.00(2),5146
Kidou Keisatsu Patlabor 2 the Movie,Movie,1,8.05(1530),7.85(1541),7.87(4),3532
Mob Psycho 100,TVSeries,12,8.05(4996),7.94(5021),4.58(2),9333
Non Non Biyori Nonstop: Bukatsu o Ganbatta,OVA,1,8.05(276),7.62(277),N/A(0),623
Gin no Saji,TVSeries,11,8.04(3116),7.89(3131),7.50(2),6564
Gyakkyou Burai Kaiji: Ultimate Survivor,TVSeries,26,8.04(4179),8.00(4223),7.72(9),8125
Haikyuu!! To the Top,TVSeries,13,8.04(1063),7.87(1072),6.33(1),2422
Hunter x Hunter: Greed Island,OVA,8,8.04(4247),8.27(4303),9.33(2),7417
Kimi ni Todoke,TVSeries,25,8.04(5715),8.16(5779),7.94(6),12055
Shouwa Genroku Rakugo Shinjuu,OVA,2,8.04(164),7.36(167),N/A(0),617
Summer Wars,Movie,1,8.04(6815),8.02(6861),6.79(9),12484
Dorohedoro,TVSeries,12,8.03(1646),7.83(1658),6.33(2),3536
Major (2008),TVSeries,26,8.03(1719),8.22(1751),6.00(1),3274
Toradora!,TVSeries,25,8.03(11827),8.18(12011),7.22(8),21560
Chii`s Sweet Home: Atarashii O`uchi,TVSeries,104,8.02(821),7.86(827),N/A(0),2060
Durarara!!,TVSeries,24,8.02(8162),8.06(8229),7.43(5),17463
Ef - a Tale of Memories.,TVSeries,12,8.02(5611),8.15(5673),7.38(9),12121
Hinamatsuri (2018),TVSeries,12,8.02(2701),7.84(2713),8.00(1),5665
Kuuchuu Buranko,TVSeries,11,8.02(1611),7.69(1621),6.83(1),3936
Shingeki no Kyojin Season 2,TVSeries,12,8.02(5403),7.98(5436),7.00(1),10656
Tokyo Magnitude 8.0,TVSeries,11,8.02(4014),7.96(4039),7.37(4),8535
Ushiro no Shoumen Daare,Movie,1,8.02(184),7.24(185),7.00(1),638
Honzuki no Gekokujou: Shisho ni Naru Tame ni wa Shudan o Erande Iraremasen (2022),TVSeries,10,8.01(847),7.78(851),N/A(0),2113
Maria-sama ga Miteru 3rd Season,OVA,5,8.01(1208),8.01(1215),8.83(1),3015
Gekijouban Kimetsu no Yaiba: Mugen Ressha Hen,Movie,1,8.00(1762),7.88(1773),4.83(1),3842
Jujutsu Kaisen (2023),TVSeries,23,8.00(549),7.87(559),5.50(2),1906
Mo Dao Zushi: Wanjie Pian,Web,12,8.00(107),7.42(107),N/A(0),337
One Piece Film: Strong World,Movie,1,8.00(2060),7.93(2077),4.00(1),4500
Tenki no Ko,Movie,1,8.00(2071),7.95(2082),5.75(2),4117
Wu Liuqi: Zui Qiang Fa Xing Shi,Web,10,8.00(150),7.68(153),N/A(0),353
Dia no Ace: Second Season,TVSeries,51,7.99(720),7.86(723),N/A(0),1747
Junk Head,Web,1,7.99(23),6.58(23),N/A(0),79
Kotonoha no Niwa,Movie,1,7.99(5294),7.91(5324),8.16(2),9390
Majo no Takkyuubin,Movie,1,7.99(6575),8.04(6597),8.24(6),11471
Meitantei Conan: Tenkuu no Lost Ship,Movie,1,7.99(535),7.72(541),N/A(0),1571
Shinkiro,MusicVideo,1,7.99(18),7.71(18),N/A(0),37
"Shinseiki Evangelion Gekijouban: Air / Magokoro o, Kimi ni",Movie,1,7.99(10791),8.15(10886),7.20(13),18320
Takarajima,TVSeries,26,7.99(334),7.32(338),N/A(0),1098
Clannad,TVSeries,22,7.98(11631),8.19(11831),7.61(10),22490
Houseki no Kuni (2017),TVSeries,12,7.98(2162),7.73(2172),4.16(1),4802
Azumanga Daiou The Animation (2002),TVSeries,26,7.97(10194),8.24(10364),7.79(20),18166
No Game No Life Zero,Movie,1,7.97(2778),7.83(2805),N/A(0),5792
Pig: Oka no Ue no Dam Keeper,Web,10,7.97(58),6.67(58),N/A(0),135
Byousoku 5 Centimeter,Movie,3,7.96(10570),8.13(10722),8.93(15),18340
Danshi Koukousei no Nichijou,TVSeries,12,7.96(4915),7.91(4931),N/A(0),9756
Fanren Xiu Xian Chuan: Mo Dao Zhengfeng,Web,51,7.96(25),7.54(25),N/A(0),85
Kimetsu no Yaiba: Hashira Gou Kaigi - Chouyashiki Hen,TVSpecial,1,7.96(64),7.50(65),N/A(0),324
Meitantei Conan: Baker Street no Bourei,Movie,1,7.96(916),7.90(925),9.16(1),2167
Tsukimonogatari: Yotsugi Doll,TVSpecial,1,7.96(2895),7.78(2906),5.00(1),6497
Koukyoushihen: Eureka Seven,TVSeries,50,7.95(9042),8.30(9226),8.33(19),17200
Maria-sama ga Miteru 4th Season,TVSeries,13,7.95(949),7.87(955),6.24(2),2470
Ojii-san no Lamp,TVSpecial,1,7.95(1043),7.51(1045),N/A(0),2015
Relife (2018),OVA,4,7.95(1876),7.83(1882),N/A(0),3729
Uchuu Kyoudai: Number Zero,Movie,1,7.95(140),7.28(140),N/A(0),509
City Hunter,TVSeries,51,7.94(1408),7.89(1427),8.36(5),3897
Heike Monogatari,Web,11,7.94(502),7.60(503),N/A(0),1214
"Momoko, Kaeru no Uta ga Kikoeru yo.",Movie,1,7.94(134),7.13(135),N/A(0),412
Nisemonogatari,TVSeries,11,7.94(6523),7.91(6560),6.26(7),13515
School Rumble Ni Gakki,TVSeries,26,7.94(6998),8.38(7138),7.63(6),11494
Black Lagoon,TVSeries,12,7.93(13328),8.25(13480),7.93(17),24528
Higurashi no Naku Koro ni,TVSeries,26,7.93(9471),8.18(9626),7.89(11),18490
Kimetsu no Yaiba,TVSeries,26,7.93(4280),7.87(4315),6.11(3),9043
Lupin the Third: Mine Fujiko to Iu Onna,TVSeries,13,7.93(1157),7.57(1163),7.33(1),3141
Berserk: Ougon Jidai Hen,Movie,3,7.92(3036),7.77(3053),8.50(2),6746
Douluo Dalu: Xiao Wu Juebie,Web,13,7.92(49),7.28(49),N/A(0),182
Dr. Stone: New World (2023),TVSeries,11,7.92(361),7.74(365),N/A(0),1116
Ouran Koukou Host Club,TVSeries,26,7.92(9261),8.31(9474),7.94(9),15618
Thunderbolt Fantasy: Seiyuu Genka,Movie,1,7.92(36),7.29(36),N/A(0),225
Trigun: Badlands Rumble,Movie,1,7.92(2908),7.89(2923),6.66(3),6467
Ace o Nerae! 2,OVA,13,7.91(69),6.65(69),N/A(0),304
Ballroom e Youkoso,TVSeries,24,7.91(1263),7.67(1266),6.66(1),2904
Black Jack,OVA,10,7.91(568),7.50(571),N/A(0),1770
Girls und Panzer Saishuushou,Movie,6,7.91(268),7.69(269),N/A(0),1353
Kaleido Star,TVSeries,51,7.91(2086),8.10(2121),8.44(9),4757
Kobayashi-san Chi no Maidragon S,TVSeries,12,7.91(1442),7.81(1449),3.33(1),3415
Ookiku Furikabutte: Natsu no Taikai Hen,TVSeries,13,7.91(929),7.87(931),7.66(1),2140
Saiki Kusuo no Sainan: Saishidou Hen,Web,6,7.91(771),7.79(774),N/A(0),1483
Wu Liuqi: Anying Suming,Web,10,7.91(28),7.60(29),N/A(0),92
Yuusha Ou GaoGaiGar Final,OVA,8,7.91(255),7.49(259),N/A(0),916
Gekijouban Jujutsu Kaisen 0,Movie,1,7.90(1013),7.90(1019),N/A(0),2508
Jujutsu Kaisen,TVSeries,24,7.90(2674),7.92(2709),6.00(1),6074
Kimetsu no Yaiba: Kyoudai no Kizuna,Movie,1,7.90(86),7.54(88),N/A(0),423
Ling Long: Incarnation Xia Ban Ji,Web,6,7.90(27),6.59(27),N/A(0),99
Mahoujin Guru Guru (2017),TVSeries,24,7.90(426),7.24(426),7.00(1),1298
Shinseiki Evangelion,TVSeries,26,7.90(17476),8.24(17857),8.00(33),27164
Bakuman.,TVSeries,25,7.89(4589),7.92(4618),7.33(3),9790
City Hunter 3,TVSeries,13,7.89(704),7.80(709),N/A(0),2254
Douluo Dalu: Hanhai Qiankun,Web,13,7.89(46),7.27(46),N/A(0),133
Gekijouban Cardcaptor Sakura: Fuuin Sareta Card,Movie,1,7.89(2466),7.99(2484),9.24(2),5300
Kidou Senshi Gundam Double O (2008),TVSeries,25,7.89(3802),8.13(3874),7.10(6),8330
Meitantei Conan: Seikimatsu no Majutsushi,Movie,1,7.89(917),7.82(925),7.50(1),2143
Onii-sama e...,TVSeries,39,7.89(576),7.51(585),7.66(1),1840
Sarai-ya Goyou,TVSeries,12,7.89(1801),7.73(1815),6.41(2),4463
Stand By Me Doraemon,Movie,1,7.89(332),7.66(334),N/A(0),717
Zan Sayonara Zetsubou-sensei Bangaichi,OVA,2,7.89(1079),7.65(1083),N/A(0),2888
Ansatsu Kyoushitsu (2016),TVSeries,25,7.88(2919),7.85(2940),4.33(1),6385
Densetsu Kyojin Ideon: Hatsudou Hen,Movie,1,7.88(276),7.07(276),N/A(0),955
Hajime no Ippo: The Fighting! - Kimura Tatsuya vs Mashiba Ryo,OVA,1,7.88(2824),8.09(2840),N/A(0),5447
Kidou Senshi Gundam: Dai 08 MS Shoutai,OVA,12,7.88(2328),7.94(2343),8.01(10),5120
Kuragehime,TVSeries,11,7.88(2820),7.82(2834),7.05(3),5727
Magical Girl Lyrical Nanoha The Movie 1st,Movie,1,7.88(1206),7.75(1213),8.33(1),3198
Shokugeki no Souma,TVSeries,24,7.88(4661),7.86(4691),7.75(2),9618
Tentai Senshi Sunred,TVSeries,26,7.88(1042),7.79(1053),8.00(1),2778
City Hunter `91,TVSeries,13,7.87(671),7.73(675),N/A(0),2206
Eizouken ni wa Te o Dasuna!,TVSeries,12,7.87(1339),7.59(1343),8.16(1),3165
Ichigo Marshmallow Encore,OVA,2,7.87(1441),7.75(1445),N/A(0),3192
Sakasama no Patema,Movie,1,7.87(2793),7.78(2803),5.50(3),5693
Soukou Kihei Votoms,TVSeries,52,7.87(586),7.49(592),6.41(2),2006
Vivy: Fluorite Eye`s Song,TVSeries,13,7.87(1390),7.78(1401),6.27(3),3211
Black Lagoon: Roberta`s Blood Trail,OVA,5,7.86(4297),7.91(4320),5.83(2),9813
Hidamari Sketch x 365,TVSeries,13,7.86(1515),7.84(1522),8.33(1),3786
Hidamari Sketch x Special,TVSpecial,2,7.86(772),7.62(773),N/A(0),1844
Kami nomi zo Shiru Sekai: Megami Hen,TVSeries,12,7.86(2795),7.84(2814),8.83(3),6235
Ling Long: Incarnation - Tebie Pian,Web,1,7.86(23),7.00(23),N/A(0),59
Meitantei Conan: Tengoku e no Count Down,Movie,1,7.86(832),7.81(841),8.00(1),2087
Nekomonogatari (Kuro): Tsubasa Family,TVSpecial,1,7.86(4940),7.82(4962),8.05(3),10147
xxxHOLiC Shunmuki,OVA,2,7.86(2067),7.92(2076),N/A(0),4970
Beastars,TVSeries,12,7.85(1665),7.68(1678),N/A(0),3393
Furiko,Web,1,7.85(752),7.14(753),N/A(0),1099
Gekijouban Aikatsu! Idol Katsudou!,Movie,1,7.85(113),7.17(114),N/A(0),451
Giant Robo The Animation: Chikyuu ga Seishi Suru Hi,OVA,7,7.85(652),7.45(657),7.66(1),2008
Ginga Tetsudou 999,TVSeries,113,7.85(472),7.45(478),5.50(1),2239
Initial D Fourth Stage,TVSeries,24,7.85(3370),8.20(3454),7.59(5),7206
Kokoro ga Sakebitagatterunda.,Movie,1,7.85(1695),7.75(1705),N/A(0),3551
Madangeul Naon Amtak,Movie,1,7.85(70),6.79(72),8.33(1),196
Pui Pui Molcar,TVSeries,12,7.85(136),7.16(137),N/A(0),229
Qin Shi Mingyue: Zhu Zi Bai Jia,TVSeries,34,7.85(22),6.45(22),N/A(0),131
Shokugeki no Souma: Ni no Sara,TVSeries,13,7.85(3344),7.85(3357),7.50(2),6840
Slayers Next,TVSeries,26,7.85(3138),8.03(3152),8.38(3),6678
There She Is!!,Web,5,7.85(705),7.33(707),N/A(0),1240
Gekijouban Major: Yuujou no Winning Shot,Movie,1,7.84(816),7.85(820),7.50(1),1875
Ginga Eiyuu Densetsu: Die Neue These,TVSeries,12,7.84(944),7.55(951),5.33(3),2540
Higashi no Eden,TVSeries,11,7.84(7476),8.04(7525),7.16(5),15220
Initial D,TVSeries,26,7.84(4514),8.11(4577),7.09(9),8991
Junk Head (2017),Movie,1,7.84(30),6.68(30),N/A(0),77
Kimetsu no Yaiba: Natagumoyama Hen,TVSpecial,1,7.84(81),7.46(82),N/A(0),364
Mahou Tsukai no Yome: Hoshi Matsu Hito,OVA,3,7.84(1941),7.74(1949),7.66(1),4564
Ongaku,Movie,1,7.84(140),7.12(141),N/A(0),315
Perfect Blue,Movie,1,7.84(6513),7.92(6541),7.51(11),11473
Shadows House 2nd Season,TVSeries,12,7.84(411),7.62(414),N/A(0),1146
Baby Steps (2015),TVSeries,25,7.83(906),7.71(910),7.58(2),1968
Dia no Ace: Act II,TVSeries,52,7.83(337),7.83(337),7.50(1),938
Douluo Dalu: Haishen Zhi Guang,Web,13,7.83(42),7.30(42),N/A(0),133
Ichigo Marshmallow (2007),OVA,3,7.83(2142),7.90(2157),8.16(1),4470
Kimi ni Todoke 2nd Season,TVSeries,12,7.83(3486),7.94(3511),6.83(2),7366
Non Non Biyori Repeat: Hotaru ga Tanoshinda,OVA,1,7.83(879),7.73(882),N/A(0),2097
Paprika,Movie,1,7.83(7071),7.95(7117),7.43(8),12904
Heartcatch Precure!,TVSeries,49,7.82(475),7.45(480),7.25(2),1576
High Score Girl II,TVSeries,9,7.82(670),7.60(673),N/A(0),1428
JoJo no Kimyou na Bouken (2012),TVSeries,26,7.82(4463),7.76(4488),7.20(4),9014
Kage no Jitsuryokusha ni Naritakute! 2nd Season,TVSeries,12,7.82(642),7.75(650),N/A(0),1769
Mo Dao Zushi: Xian Yun Pian,Web,8,7.82(270),7.57(272),N/A(0),705
Working!!!,TVSeries,13,7.82(2121),7.79(2132),7.66(1),4705
Gamba no Bouken,TVSeries,26,7.81(89),6.90(91),N/A(0),368
Mo Dao Zushi: Qianchen Pian,Web,15,7.81(461),7.53(464),N/A(0),1398
Gekijouban Macross F: Itsuwari no Utahime,Movie,1,7.80(1288),7.74(1293),8.66(1),3553
Hadashi no Gen,Movie,1,7.80(1150),7.57(1156),5.50(1),2693
Jungle wa Itsumo Hare Nochi Guu,TVSeries,26,7.80(2480),8.04(2513),8.69(5),4897
K-On!!,TVSeries,24,7.80(5655),7.91(5694),7.49(3),12178
Kappa no Coo to Natsuyasumi,Movie,1,7.80(645),7.65(651),6.66(2),1588
Kidou Keisatsu Patlabor (1990),OVA,16,7.80(436),7.50(438),8.33(1),1620
Lupin Sansei vs. Meitantei Conan The Movie,Movie,1,7.80(404),7.52(405),N/A(0),1118
Lupin the IIIrd: Mine Fujiko no Uso,Movie,1,7.80(202),7.25(203),N/A(0),666
Mushoku Tensei II: Isekai Ittara Honki Dasu,TVSeries,12,7.80(963),7.75(973),3.50(1),2436
Non Non Biyori,TVSeries,12,7.80(3283),7.76(3299),6.83(2),7084
Spy x Family (2022),TVSeries,13,7.80(1468),7.77(1480),N/A(0),3650
Terra e... (2007),TVSeries,24,7.80(2449),8.01(2478),8.19(10),5734
Darker Than Black: Kuro no Keiyakusha,TVSeries,25,7.79(11193),8.19(11382),7.45(11),22172
Hyouka,TVSeries,22,7.79(6095),7.87(6129),7.09(5),12897
Macross Frontier,TVSeries,25,7.79(4806),8.19(4904),7.52(11),10360
Saiunkoku Monogatari,TVSeries,39,7.79(2343),8.17(2384),7.16(3),5229
Thunderbolt Fantasy: Touri-ken Yuuki 2,TVSeries,13,7.79(65),7.66(65),N/A(0),380
Urusei Yatsura 2: Beautiful Dreamer,Movie,1,7.79(696),7.56(703),N/A(0),1981
Eikoku Koi Monogatari Emma,TVSeries,12,7.78(1325),7.83(1336),9.27(3),3434
Hibike! Euphonium,TVSeries,13,7.78(2750),7.65(2760),7.83(2),6001
Meitantei Conan: Gin`yoku no Magician,Movie,1,7.78(776),7.79(783),7.16(2),2043
No Game No Life,TVSeries,12,7.78(8409),7.88(8476),7.56(7),15402
Shan He Jian Xin,Web,16,7.78(27),7.05(27),N/A(0),87
Tengoku Daimakyou,TVSeries,13,7.78(837),7.71(843),4.00(1),2027
Hanasaku Iroha,TVSeries,26,7.77(3961),7.86(3978),6.66(2),9075
Kidou Senshi Gundam Double O,TVSeries,25,7.77(5325),8.18(5430),7.63(10),10859
Rurouni Kenshin: Meiji Kenkaku Romantan,TVSeries,94,7.77(8814),8.24(9035),8.18(14),16206
Edogawa Conan Shissou Jiken: Shijou Saiaku no Futsukakan,TVSpecial,1,7.76(208),7.50(210),N/A(0),505
Eiga Star Twinkle Precure: Hoshi no Uta ni Omoi o Komete,Movie,1,7.76(68),7.16(68),N/A(0),200
Oishinbo,TVSeries,136,7.76(64),7.10(66),N/A(0),414
Senki Zesshou Symphogear XV,TVSeries,13,7.76(281),7.36(285),N/A(0),1062
Hiatari Ryoukou!,TVSeries,48,7.75(170),7.52(170),N/A(0),703
Kurenai no Buta,Movie,1,7.75(4759),7.86(4777),8.27(3),8619
Ookiku Furikabutte,TVSeries,25,7.75(1679),8.02(1700),6.91(2),3496
Cyberpunk: Edgerunners,Web,10,7.74(1437),7.72(1451),5.50(2),2857
Denpateki na Kanojo,OVA,2,7.74(3821),7.78(3848),7.66(2),7773
Douluo Dalu: Hao Tian Yangwei,Web,13,7.74(53),7.33(53),N/A(0),186
Dungeon ni Deai o Motomeru no wa Machigatte Iru Darouka: Familia Myth IV (2023),TVSeries,11,7.74(697),7.71(707),N/A(0),1934
Genshiken 2,TVSeries,12,7.74(4537),8.01(4568),8.41(2),9483
Gotcha!,Web,1,7.74(292),7.30(292),N/A(0),550
JoJo no Kimyou na Bouken: Stone Ocean,Web,12,7.74(594),7.61(599),N/A(0),1575
Re:Zero kara Hajimeru Isekai Seikatsu,TVSeries,25,7.74(6865),7.84(6937),6.16(7),12532
Sayonara Zetsubou-sensei,TVSeries,12,7.74(6370),7.99(6420),7.66(3),13097
Space Cobra,TVSeries,31,7.74(542),7.54(553),5.00(1),1815
Space Dandy 2,TVSeries,13,7.74(1409),7.54(1418),N/A(0),3523
Tsubasa Shunraiki,OVA,2,7.74(1457),7.88(1470),3.33(1),3934
Yuuki Yuuna wa Yuusha de Aru: Washio Sumi no Shou,Movie,3,7.74(249),7.40(250),N/A(0),790
Boku no Hero Academia (2017),TVSeries,25,7.73(4572),7.86(4594),5.83(1),9212
Fune o Amu,TVSeries,11,7.73(1197),7.54(1200),N/A(0),2604
Gekijouban Macross F: Sayonara no Tsubasa,Movie,1,7.73(983),7.63(986),N/A(0),2691
Kuroshitsuji: Book of the Atlantic,Movie,1,7.73(432),7.68(436),N/A(0),1238
Last Exile,TVSeries,26,7.73(8744),8.20(8884),8.28(21),15259
Musekinin Kanchou Tylor,TVSeries,26,7.73(1801),7.80(1811),6.77(3),4498
One Piece Film: Z,Movie,1,7.73(1421),7.76(1430),4.33(1),3143
Penguin Highway,Movie,1,7.73(580),7.42(581),9.50(1),1442
Zoku Sayonara Zetsubou-sensei,TVSeries,13,7.73(3266),7.90(3290),8.50(1),7648
Karakai Jouzu no Takagi-san 2,TVSeries,12,7.72(1063),7.73(1066),N/A(0),2424
"Kumo no Mukou, Yakusoku no Basho",Movie,1,7.72(7225),8.09(7282),8.18(7),12894
Tetsujin 28-gou (2004),TVSeries,26,7.72(100),7.10(101),N/A(0),547
Yawara! Special: Zutto Kimi no Koto ga...,TVSpecial,1,7.72(235),7.44(238),N/A(0),799
Boku no Hero Academia (2022),TVSeries,25,7.71(614),7.78(620),N/A(0),1935
Kimi wa Houkago Insomnia,TVSeries,13,7.71(508),7.65(511),N/A(0),1303
Coquelicot-zaka kara,Movie,1,7.70(2095),7.65(2101),5.91(4),4521
Fumetsu no Anata e,TVSeries,20,7.70(1266),7.62(1273),7.00(2),3366
Great Pretender,Web,23,7.70(1075),7.59(1083),N/A(0),2751
Kaguya-sama wa Kokurasetai: Tensai-tachi no Ren`ai Zunousen,TVSeries,12,7.70(3721),7.73(3743),5.83(2),7185
Kanata no Astra,TVSeries,12,7.70(1768),7.70(1780),N/A(0),3833
Kino no Tabi: Nanika o Suru Tame ni - Life Goes On.,Movie,1,7.70(2658),7.76(2665),7.49(2),5856
Little Witch Academia (2017),TVSeries,25,7.70(2431),7.64(2443),7.00(1),5644
Trigun,TVSeries,26,7.70(11984),8.16(12174),7.72(17),20675
Gochuumon wa Usagi Desuka? Bloom,TVSeries,12,7.69(417),7.64(424),N/A(0),1283
Hanamonogatari: Suruga Devil,TVSpecial,1,7.69(3032),7.67(3046),7.08(2),6910
Mawaru Penguindrum,TVSeries,24,7.69(3439),7.69(3461),6.61(7),8256
Relife,Web,13,7.69(3949),7.80(3973),6.10(3),7394
Gekijouban Tengen Toppa Gurren Lagann: Gurren Hen,Movie,1,7.68(2465),7.74(2482),2.00(1),6188
Hayate no Gotoku!!,TVSeries,25,7.68(2546),7.91(2568),6.66(2),6732
Ichigo Marshmallow,TVSeries,12,7.68(3846),7.98(3884),8.24(6),7569
Kimetsu no Yaiba: Mugen Ressha Hen,TVSeries,7,7.68(1284),7.75(1293),N/A(0),3311
Magi: The Kingdom of Magic,TVSeries,25,7.68(2782),7.80(2798),6.00(1),6639
Planetarian: Hoshi no Hito,Movie,1,7.68(468),7.45(471),N/A(0),1394
Shanshui Qing,Movie,1,7.68(81),6.36(82),N/A(0),156
Tensei Shitara Slime Datta Ken (2021),TVSeries,12,7.68(2126),7.74(2143),3.50(2),5056
Wan Sheng Jie 2,Web,12,7.68(88),6.96(89),N/A(0),232
Aoi Bungaku Series,TVSeries,12,7.67(2865),7.69(2884),8.16(1),7284
Love Com,TVSeries,24,7.67(5850),8.12(5956),8.20(8),11350
Carole & Tuesday,TVSeries,24,7.66(1353),7.66(1365),7.83(1),3025
Choujikuu Yousai Macross,TVSeries,36,7.66(2712),7.81(2741),7.70(4),6392
Kill la Kill,TVSeries,24,7.66(7011),7.80(7083),6.44(7),14390
Seikai no Senki III,OVA,2,7.66(2833),7.93(2850),7.30(5),5861
Shin Evangelion Gekijouban:||,Movie,1,7.66(968),7.51(974),5.75(2),2468
Choujikuu Yousai Macross: Ai Oboete Imasuka,Movie,1,7.65(1749),7.61(1756),7.28(4),4133
Genshiken,TVSeries,12,7.65(8004),8.10(8065),8.58(8),14229
Kodomo no Omocha (1996),TVSeries,102,7.65(887),7.86(913),7.77(3),2411
Kuroko no Baske (2013),TVSeries,25,7.65(2439),7.75(2449),N/A(0),4739
Sket Dance: Imouto no Nayami ni Nayamu Ani ni Nayamu Imouto to Sono Nakama-tachi,OVA,1,7.65(468),7.72(470),N/A(0),1040
Gekijouban Hibike! Euphonium: Todoketai Melody,Movie,1,7.64(176),7.24(177),N/A(0),855
Kage no Jitsuryokusha ni Naritakute!,TVSeries,20,7.64(1389),7.77(1411),N/A(0),3363
Full Moon o Sagashite,TVSeries,52,7.63(2592),8.05(2640),8.53(18),5413
Gekijouban Hibike! Euphonium: Chikai no Finale,Movie,1,7.63(407),7.45(409),N/A(0),1235
Gekkan Shoujo Nozaki-kun,TVSeries,12,7.63(4295),7.72(4317),8.50(1),8367
JoJo no Kimyou na Bouken: Stone Ocean (Part 2),Web,12,7.63(412),7.51(415),N/A(0),992
Kidou Keisatsu Patlabor,Movie,1,7.63(1775),7.65(1779),8.00(1),3923
Kidou Keisatsu Patlabor: Patlabor on Television,TVSeries,47,7.63(831),7.62(834),7.27(3),2869
Kidou Senshi Gundam: Thunderbolt,Web,4,7.63(668),7.34(670),8.16(1),1856
Kimagure Orange Road: Ano Hi ni Kaeritai,Movie,1,7.63(819),7.68(825),7.44(3),2061
Mahou Shoujo Lyrical Nanoha A`s,TVSeries,13,7.63(2802),7.97(2830),7.26(5),6263
Ookami to Koushinryou II: Ookami to Kohakuiro no Yuuutsu,OVA,1,7.63(4514),7.85(4535),7.66(2),9750
Touhai Densetsu Akagi: Yami ni Maiorita Tensai,TVSeries,26,7.63(2688),7.83(2717),7.56(7),5668
Zan Sayonara Zetsubou-sensei,TVSeries,13,7.63(1892),7.67(1902),6.83(1),5375
Bungou Stray Dogs (2023),TVSeries,13,7.62(261),7.57(263),N/A(0),913
Drifters: Special Edition,OVA,1,7.62(546),7.55(552),N/A(0),1194
Fruits Basket 1st Season,TVSeries,25,7.62(1329),7.61(1334),2.00(1),3733
Gekijou Soushuuhen Code Geass: Hangyaku no Lelouch,Movie,3,7.62(547),7.50(555),N/A(0),1837
Giovanni no Shima,Movie,1,7.62(547),7.31(550),N/A(0),1461
Hakumei to Mikochi,TVSeries,12,7.62(844),7.56(848),N/A(0),2147
Kidou Senshi Gundam: Thunderbolt - December Sky,Movie,1,7.62(375),7.24(378),9.16(2),1030
Lucky Star,TVSeries,24,7.62(8705),8.01(8862),7.01(12),17012
Meitantei Conan: Tantei-tachi no Requiem,Movie,1,7.62(722),7.75(733),N/A(0),1877
Paripi Koumei,TVSeries,12,7.62(936),7.70(943),N/A(0),2068
Shijou Saikyou no Deshi Ken`ichi,TVSeries,50,7.62(5677),8.29(5901),6.95(8),10664
City Hunter Special: Goodbye My Sweetheart,TVSpecial,1,7.61(508),7.58(513),N/A(0),1701
Goku Sayonara Zetsubou-sensei,OVA,3,7.61(2130),7.71(2142),N/A(0),5216
Happy Birthday Inochi Kagayaku Toki,Movie,1,7.61(166),6.86(167),9.50(1),484
High Score Girl: Extra Stage,OVA,3,7.61(740),7.51(742),N/A(0),1441
Matsugae o Musubi,Movie,1,7.61(23),6.26(23),N/A(0),64
Re:Zero kara Hajimeru Isekai Seikatsu (2020),TVSeries,13,7.61(2425),7.72(2443),4.00(1),5515
Re:Zero kara Hajimeru Isekai Seikatsu (2021),TVSeries,12,7.61(1927),7.67(1940),5.72(3),4482
Toshokan Sensou: Kakumei no Tsubasa,Movie,1,7.61(581),7.62(582),N/A(0),1423
Douluo Dalu: Zhangu Zsn Xie,Web,12,7.60(15),7.26(15),N/A(0),64
Dr. Stone: Ryuusui,TVSpecial,1,7.60(680),7.72(687),N/A(0),1704
Eiga Chuunibyou demo Koi ga Shitai! Take on Me,Movie,1,7.60(1071),7.65(1075),N/A(0),2664
Genshiken (2006),OVA,3,7.60(4158),7.94(4180),8.08(2),8085
Ling Long: Incarnation Zhong Zhang,Web,2,7.60(25),6.76(25),N/A(0),68
Minami-ke,TVSeries,13,7.60(5356),8.02(5391),7.26(5),10808
Ojamajo Doremi Dokkaan!,TVSeries,51,7.60(161),7.29(166),9.11(3),547
Ore Monogatari!!,TVSeries,24,7.60(2472),7.61(2483),7.95(4),5630
Otona Joshi no Anime Time: Kawamo o Suberu Kaze,TVSpecial,1,7.60(841),7.45(843),N/A(0),1882
Piano no Mori,Movie,1,7.60(1272),7.68(1279),N/A(0),2952
Toaru Kagaku no Railgun S,TVSeries,24,7.60(3289),7.74(3314),8.16(2),8013
Angel Beats!,TVSeries,13,7.59(11403),7.92(11550),6.81(10),21114
Dororo (2019),TVSeries,24,7.59(2361),7.68(2374),4.66(1),5400
Hanasaku Iroha: Home Sweet Home,Movie,1,7.59(1243),7.62(1247),7.00(1),3027
Kidou Senshi Gundam SEED,TVSeries,50,7.59(6353),8.16(6519),8.11(27),11221
Lucky Star OVA: JK,OVA,1,7.59(3971),7.84(3994),8.33(2),8314
Luo Xiao Hei Zhanji,Web,28,7.59(37),6.53(37),N/A(0),118
Mahou Tsukai no Yome,TVSeries,24,7.59(2847),7.67(2865),5.33(2),7027
Tokubetsu Hen Hibike! Euphonium: Ensemble Contest Hen,Movie,1,7.59(69),7.09(70),N/A(0),215
Yuu Yuu Hakusho,TVSeries,112,7.59(4462),8.03(4543),8.12(11),9896
Dance Dance Danseur,TVSeries,11,7.58(281),7.39(282),N/A(0),686
Hoozuki no Reitetsu (2018),TVSeries,13,7.58(448),7.56(450),N/A(0),1186
Jungle wa Itsumo Hare Nochi Guu Deluxe,OVA,6,7.58(1576),7.89(1584),8.00(1),3155
Kuroshitsuji: Book of Murder,OVA,2,7.58(664),7.56(671),N/A(0),1684
Meitantei Conan: Kurogane no Submarine,Movie,1,7.58(26),7.46(27),N/A(0),123
Otona Joshi no Anime Time 2,TVSpecial,3,7.58(643),7.37(644),N/A(0),1483
Working`!!,TVSeries,13,7.58(3560),7.78(3580),7.33(1),7348
Yawara! A Fashionable Judo Girl,TVSeries,124,7.58(552),7.54(561),8.08(2),1901
Youjo Senki,TVSeries,12,7.58(4042),7.71(4077),6.66(5),8041
Death Parade,TVSeries,12,7.57(5088),7.70(5112),4.00(1),9829
Kidou Senshi Gundam: Senkou no Hathaway,Movie,3,7.57(168),7.37(168),N/A(0),649
Kono Subarashii Sekai ni Shukufuku o! 2,TVSeries,10,7.57(5365),7.77(5388),N/A(0),10228
Noragami Aragoto,TVSeries,13,7.57(3950),7.73(3969),6.61(3),7911
"Shin Kimagure Orange Road: Soshite, Ano Natsu no Hajimari",Movie,1,7.57(753),7.68(758),8.00(1),1966
Tamako Love Story,Movie,1,7.57(1661),7.61(1667),N/A(0),3602
Yagate Kimi ni Naru,TVSeries,13,7.57(1274),7.48(1282),N/A(0),3074
Hashire Melos (1992),Movie,1,7.56(271),6.85(271),N/A(0),786
Jinrui wa Suitai Shimashita,TVSeries,12,7.56(2906),7.58(2918),8.66(1),6846
Lupin Sansei: The First,Movie,1,7.56(228),7.21(228),N/A(0),533
Moyashimon,TVSeries,11,7.56(3163),7.86(3185),7.00(2),6415
Quanzhi Gaoshou: Tebie Pian,Web,3,7.56(607),7.64(609),5.66(1),1356
Boku no Hero Academia (2018),TVSeries,25,7.55(3458),7.76(3478),6.16(1),7624
Douluo Dalu: Shan Yu Yu Lai,Web,13,7.55(37),7.24(37),N/A(0),125
Hachigatsu no Symphony: Shibuya 2002-2003,Movie,1,7.55(54),7.09(54),N/A(0),210
Hoozuki no Reitetsu OAD,OVA,7,7.55(413),7.47(415),N/A(0),1042
Maou-jou de Oyasumi,TVSeries,12,7.55(1008),7.52(1018),N/A(0),2370
Miracle Giants Doumu-kun,TVSeries,49,7.55(50),7.65(51),8.33(1),173
Mix: Meisei Story,TVSeries,24,7.55(348),7.50(350),N/A(0),963
Oshin,Movie,1,7.55(24),6.48(24),N/A(0),119
Pop Team Epic (2019),TVSpecial,2,7.55(303),7.49(305),N/A(0),611
World Trigger 3rd Season,TVSeries,14,7.55(273),7.57(276),N/A(0),976
5-tou ni Naritai.,Movie,1,7.54(155),6.83(156),6.00(1),425
Cardcaptor Sakura,TVSeries,70,7.54(4720),7.94(4792),8.30(11),10213
Douluo Dalu: Qian Hua Xi Jing,Web,13,7.54(50),7.25(50),N/A(0),183
Durarara!!x2 Shou,TVSeries,12,7.54(2803),7.64(2818),N/A(0),6421
Initial D Second Stage,TVSeries,13,7.54(3598),7.96(3622),7.12(4),7249
Little Witch Academia,Movie,1,7.54(3539),7.54(3551),N/A(0),6418
Log Horizon,TVSeries,25,7.54(5891),7.78(5934),6.29(5),12792
Rurouni Kenshin: Meiji Kenkaku Romantan - Seisou Hen,OVA,2,7.54(4884),8.06(4946),6.30(7),8989
Sangokushi Dai Ichi Bu Eiyuu-tachi no Yoake,Movie,1,7.54(35),6.35(35),N/A(0),192
Shokugeki no Souma: San no Sara,TVSeries,12,7.54(2471),7.70(2480),6.83(1),5399
Uchuu Senkan Yamato 2199: Hoshi-Meguru Hakobune,Movie,1,7.54(485),7.40(486),N/A(0),1272
Beastars (2021),TVSeries,12,7.53(758),7.49(762),5.50(1),1915
Douluo Dalu: Xingdou Xian Ji,Web,13,7.53(45),7.20(45),N/A(0),155
Ginga Tetsudou 999 (1979),Movie,1,7.53(586),7.33(593),N/A(0),1770
Golden Boy,OVA,6,7.53(7857),7.97(7955),7.58(8),13315
"Tabi Suru Nuigurumi: Traveling ""Daru""",OVA,1,7.53(257),6.93(259),N/A(0),486
Yuru Yuri San Hai!,TVSeries,12,7.53(1334),7.58(1343),N/A(0),2939
Dr. Stone,TVSeries,24,7.52(3023),7.66(3045),9.00(1),6670
Dr. Stone: New World,TVSeries,11,7.52(587),7.64(594),N/A(0),1710
Inu-Ou,Movie,1,7.52(115),7.09(116),N/A(0),327
Meitantei Conan: Hitomi no Naka no Ansatsusha,Movie,1,7.52(847),7.69(854),8.66(1),2078
Patlabor: Mobile Police,OVA,7,7.52(1083),7.43(1088),5.33(1),2819
Taiyou no Kiba Dougram,TVSeries,75,7.52(113),6.76(113),6.08(2),662
Bounen no Xamdou,Web,26,7.51(5238),8.03(5306),7.49(9),10579
Dahufa,Movie,1,7.51(15),5.86(15),N/A(0),91
Durarara!!x2 Ketsu,TVSeries,12,7.51(1849),7.57(1861),N/A(0),4478
Macross Zero,OVA,5,7.51(3953),7.97(3994),8.30(7),7631
Moonlight Mile 2nd Season: Touch Down,TVSeries,14,7.51(571),7.74(573),5.41(2),1656
Gekijouban Shirobako,Movie,1,7.50(316),7.42(318),N/A(0),1037
Haikara-san ga Tooru,TVSeries,42,7.50(59),7.04(59),N/A(0),320
Inuyasha Kanketsuhen,TVSeries,26,7.50(1917),7.77(1939),7.50(2),5252
Kuroko no Baske (2015),TVSeries,25,7.50(1875),7.64(1883),N/A(0),3726
Lupin Sansei Episode 0: `First Contact`,TVSpecial,1,7.50(626),7.49(629),7.50(1),1767
Meitantei Conan: Ijigen no Sniper,Movie,1,7.50(348),7.48(351),N/A(0),1004
Qing Chi Hong Xiaodou Ba! Di Er Ji,Web,16,7.50(10),5.90(10),N/A(0),25
Takahashi Rumiko Gekijou,TVSeries,13,7.50(590),7.61(591),8.66(3),1824
Wan Sheng Jie 3,Web,12,7.50(55),6.91(55),N/A(0),182
Gosick,TVSeries,24,7.49(4934),7.75(4971),6.92(5),11265
Kobayashi-san Chi no Maidragon,TVSeries,13,7.49(4368),7.69(4391),7.00(2),8378
Nagi no Asukara,TVSeries,26,7.49(2688),7.62(2709),8.83(2),6906
School Rumble: Ichi Gakki Hoshuu,OVA,2,7.49(5039),8.07(5079),6.99(4),8652
Shion no Ou,TVSeries,22,7.49(1690),7.82(1704),7.02(6),3961
Taiyou no Ko Esteban,TVSeries,39,7.49(502),7.69(518),8.33(4),1186
86,TVSeries,11,7.48(1803),7.63(1821),6.70(4),4290
Golden Kamuy,TVSeries,12,7.48(1781),7.54(1791),5.25(2),4121
Kino no Tabi: The Beautiful World - Byouki no Kuni - For You,Movie,1,7.48(2105),7.59(2111),7.00(1),4674
Meitantei Conan: Junkoku no Nightmare,Movie,1,7.48(266),7.43(268),N/A(0),785
Perrine Monogatari,TVSeries,53,7.48(112),7.37(117),N/A(0),650
Taiho Shichau zo: You`re Under Arrest,OVA,4,7.48(1120),7.57(1126),8.00(1),3251
Colorful (2010),Movie,1,7.47(1952),7.49(1957),8.33(1),4125
Eiga no Osomatsu-san,Movie,1,7.47(82),7.03(82),N/A(0),341
Isekai Ojisan,TVSeries,13,7.47(972),7.53(978),7.83(1),2456
Meitantei Conan,TVSeries,,7.47(2000),7.94(2095),6.91(2),5593
Meitantei Conan: Halloween no Hanayome,Movie,1,7.47(59),7.44(60),N/A(0),222
Serial Experiments Lain,TVSeries,13,7.47(9705),7.92(9823),8.30(15),18696
Shashinkan,Movie,1,7.47(367),7.03(368),N/A(0),768
Kageki Shoujo!!,TVSeries,13,7.46(371),7.36(372),N/A(0),971
Kuroko no Baske,TVSeries,25,7.46(3362),7.72(3385),N/A(0),6618
Shoujo Kakumei Utena,TVSeries,39,7.46(2355),7.58(2388),7.66(9),6169
Aa! Megami-sama! Tatakau Tsubasa,TVSpecial,2,7.45(1880),7.86(1901),6.66(3),5087
Akagami no Shirayuki-hime (2016),TVSeries,12,7.45(1597),7.62(1603),N/A(0),3668
City Hunter Special: The Secret Service,TVSpecial,1,7.45(495),7.50(500),N/A(0),1694
Daicon III & IV Opening Animation,Other,2,7.45(1247),7.24(1253),8.91(2),2160
Holo no Graffiti,Web,,7.45(95),7.11(97),N/A(0),303
Isekai no Seikishi Monogatari,OVA,13,7.45(2793),7.84(2822),7.08(2),6929
JoJo no Kimyou na Bouken: Stardust Crusaders,TVSeries,24,7.45(3192),7.58(3211),N/A(0),6508
Kimagure Orange Road,TVSeries,48,7.45(1548),7.75(1578),8.54(8),3997
Kindaichi Shounen no Jikenbo (1997),TVSeries,148,7.45(266),7.51(276),N/A(0),1184
Little Busters! Refrain,TVSeries,13,7.45(1461),7.58(1469),8.00(1),3616
Phantom: Requiem for the Phantom,TVSeries,26,7.45(4005),7.84(4053),7.33(7),9580
Sangokushi Dai San Bu: Haruka Naru Daichi,Movie,1,7.45(31),6.32(31),N/A(0),169
Uchouten Kazoku,TVSeries,13,7.45(1966),7.47(1971),N/A(0),4868
Yakitate!! Japan,TVSeries,69,7.45(3627),8.12(3690),6.52(7),7051
Durarara!!x2 Ten,TVSeries,12,7.44(2143),7.58(2157),N/A(0),5085
Kami nomi zo Shiru Sekai II,TVSeries,12,7.44(4364),7.76(4387),8.33(3),9225
Kareshi Kanojo no Jijou,TVSeries,26,7.44(5137),7.94(5200),8.03(10),9933
Ohoshi-sama no Rail,Movie,1,7.44(136),6.87(137),N/A(0),532
Aria the Animation,TVSeries,13,7.43(4592),7.78(4630),7.22(11),10263
Carnival Phantasm,OVA,12,7.43(2612),7.59(2626),6.83(1),6663
Change!! Getter Robo: Sekai Saigo no Hi,OVA,13,7.43(399),7.41(408),N/A(0),1109
Dr. Stone: Stone Wars,TVSeries,11,7.43(1613),7.67(1625),5.00(1),3949
Fanren Xiuxian Chuan: Feng Qi Tian Nan Er,Web,9,7.43(23),7.19(23),N/A(0),88
Gosenzosama Banbanzai!,OVA,6,7.43(289),6.99(293),N/A(0),980
Hourou Musuko,TVSeries,11,7.43(1885),7.50(1901),7.83(3),4663
Luo Xiao Hei Zhanji (2021),Web,12,7.43(14),6.17(14),N/A(0),33
Minami-ke Tadaima,TVSeries,13,7.43(1363),7.57(1367),N/A(0),3582
Nihon Anima(tor) Mihon`ichi,Web,35,7.43(724),7.16(724),N/A(0),2009
Tenchi Muyou! Ryououki,OVA,6,7.43(2446),7.75(2467),6.08(2),5514
xxxHOLiC,TVSeries,24,7.43(5390),7.97(5434),6.74(8),11699
Aggressive Retsuko (2020),Web,10,7.42(305),7.34(307),N/A(0),692
Ashita no Joe 2 (1981),Movie,1,7.42(95),6.71(95),N/A(0),416
Kidou Senshi Gundam III: Meguriai Sora Hen,Movie,1,7.42(970),7.33(974),N/A(0),2585
Skip to Loafer,TVSeries,12,7.42(515),7.51(520),N/A(0),1274
Bai She: Yuanqi,Movie,1,7.41(89),6.99(89),N/A(0),227
Douluo Dalu: Ji Lang Zhi Zhan,Web,14,7.41(15),7.16(15),N/A(0),68
Ganbarist! Shun,TVSeries,30,7.41(102),7.31(102),4.66(1),408
Gekijouban One Piece: Stampede,Movie,1,7.41(419),7.49(426),9.50(1),1059
Gisoku no Moses,Web,1,7.41(73),7.01(73),N/A(0),160
Igano Kabamaru,TVSeries,24,7.41(428),7.72(448),6.00(1),1002
Kotarou wa Hitorigurashi,Web,10,7.41(300),7.36(302),N/A(0),637
Momo e no Tegami,Movie,1,7.41(1302),7.49(1305),9.33(1),2988
Seimei no Kagaku: Micro Patrol,TVSeries,26,7.41(213),7.11(214),7.50(1),484
Yahari Ore no Seishun Lovecome wa Machigatte Iru. Zoku,TVSeries,13,7.41(4369),7.65(4396),6.00(1),8503
Ergo Proxy,TVSeries,23,7.40(10892),8.07(11126),8.14(22),21281
Jarinko Chie,Movie,1,7.40(274),6.96(275),N/A(0),755
Kasei Yakyoku,OVA,4,7.40(105),6.55(105),N/A(0),339
Kidou Senshi Gundam: Tekketsu no Orphans (2016),TVSeries,25,7.40(980),7.48(987),4.66(1),2724
Nitabou: Tsugaru Shamisen Shiso Gaibun,Movie,1,7.40(516),7.44(523),N/A(0),1368
Top o Nerae!,OVA,6,7.40(3584),7.60(3609),8.26(5),7613
Waga Seishun no Arcadia,Movie,1,7.40(462),7.19(467),6.41(2),1378
Hoozuki no Reitetsu (2017),TVSeries,13,7.39(569),7.44(571),N/A(0),1431
Hoshizora no Violin,Movie,1,7.39(10),5.60(10),N/A(0),74
Psycho-Pass 3: First Inspector,Movie,1,7.39(598),7.52(604),N/A(0),1742
Tenchi Muyou! Ryououki (1994),OVA,6,7.39(1769),7.72(1779),7.00(1),4535
Tensei Shitara Slime Datta Ken,TVSeries,24,7.39(3847),7.66(3881),3.44(3),8384
Be-Bop High School,OVA,7,7.38(105),6.73(105),N/A(0),426
Gekijouban Psycho-Pass: Providence,Movie,1,7.38(103),7.41(104),N/A(0),431
Tsuki ga Kirei,TVSeries,12,7.38(1883),7.54(1892),6.41(2),4229
Waga Seishun no Arcadia: Mugen Kidou SSX,TVSeries,22,7.38(225),7.06(227),N/A(0),968
Yahari Ore no Seishun Lovecome wa Machigatte Iru. Kan,TVSeries,12,7.38(1440),7.56(1454),N/A(0),3651
Benghuai 3: Zuiren Wange,Web,1,7.37(14),6.21(14),N/A(0),48
Death Billiards,Movie,1,7.37(2876),7.43(2890),N/A(0),5365
Douluo Dalu: Feng Qi Tang Men,Web,13,7.37(21),7.14(21),N/A(0),88
Eiga PriPara: Minna no Akogare - Let`s Go PriParis,Movie,1,7.37(38),7.01(38),N/A(0),169
Fullmetal Panic!,TVSeries,24,7.37(14650),8.11(14858),7.56(23),24911
Macross Plus Movie Edition,Movie,1,7.37(788),7.46(791),N/A(0),2225
Majokko Shimai no Yoyo to Nene,Movie,1,7.37(529),7.29(532),N/A(0),1348
Modern Love Tokyo: Kare ga Kanaderu Futari no Shirabe,Web,1,7.37(22),6.79(22),N/A(0),57
Shelter.,MusicVideo,1,7.37(2403),7.47(2410),4.75(2),3740
Shirokuma Cafe,TVSeries,50,7.37(696),7.47(698),7.25(2),2228
Urusei Yatsura: Kanketsuhen,Movie,1,7.37(397),7.38(402),N/A(0),1573
Eiga Chibi Maruko-chan: Italia kara Kita Shounen,Movie,1,7.36(18),6.47(18),N/A(0),122
Glass no Kamen: Sen no Kamen o Motsu Shoujo,OVA,3,7.36(101),7.00(103),N/A(0),370
Grand Blue,TVSeries,12,7.36(1960),7.54(1973),N/A(0),4302
Kawa no Hikari,TVSpecial,1,7.36(89),6.90(90),N/A(0),344
Kaze no Shoujo Emily,TVSeries,26,7.36(202),7.34(203),N/A(0),837
Koukaku Kidoutai: Shin Gekijouban,Movie,1,7.36(872),7.41(878),7.83(1),2682
Mairimashita! Iruma-kun (2021),TVSeries,21,7.36(847),7.66(850),N/A(0),2192
Yokohama Kaidashi Kikou,OVA,2,7.36(1780),7.39(1787),7.08(4),3765
Asobi Asobase,TVSeries,12,7.35(1884),7.53(1894),6.66(1),4209
Baja no Studio,OVA,1,7.35(205),6.90(206),N/A(0),422
Fei Ren Zai (2),Web,36,7.35(43),6.51(43),N/A(0),141
Gekijouban Seitokai Yakuindomo 2,Movie,1,7.35(182),7.27(183),N/A(0),694
Gekijouban Wakaokami wa Shougakusei!,Movie,1,7.35(177),7.10(177),N/A(0),491
Giant Killing,TVSeries,26,7.35(1741),7.76(1753),6.83(1),3721
Kakushigoto,TVSeries,12,7.35(1279),7.43(1283),N/A(0),2979
Kidou Senshi Z Gundam,TVSeries,50,7.35(1644),7.53(1655),8.27(3),4297
Maria-sama ga Miteru: Haru,TVSeries,13,7.35(1631),7.77(1646),9.24(2),3859
Shiguang Dailiren II,Web,12,7.35(98),7.51(98),N/A(0),333
Tensei Shitara Slime Datta Ken (2021 Dai 2 Bu),TVSeries,12,7.35(1730),7.59(1741),N/A(0),4214
Gekijouban City Hunter: Shinjuku Private Eyes,Movie,1,7.34(172),7.20(174),N/A(0),528
Hokuto no Ken,TVSeries,109,7.34(1403),7.58(1428),7.37(4),4073
Initial D Fifth Stage,TVSeries,14,7.34(1244),7.56(1250),N/A(0),3631
Initial D Final Stage,TVSeries,4,7.34(982),7.48(984),N/A(0),2742
Kagami no Kojou,Movie,1,7.34(96),7.36(96),N/A(0),367
Kiko-chan Smile,TVSeries,51,7.34(24),6.18(24),N/A(0),109
"Komi-san wa, Komyushou Desu. (2022)",TVSeries,12,7.34(716),7.61(719),N/A(0),1862
Kyousougiga (2013),TVSeries,10,7.34(1507),7.33(1511),5.50(1),4260
Little Witch Academia: The Enchanted Parade,Movie,1,7.34(1960),7.42(1965),N/A(0),3966
Nomad: Megalo Box 2,TVSeries,13,7.34(494),7.32(498),N/A(0),1514
Nurarihyon no Mago: Sennen Makyou,TVSeries,24,7.34(1847),7.70(1862),N/A(0),4726
Akage no Anne: Green Gables e no Michi,Movie,1,7.33(71),6.84(71),N/A(0),279
Bai Yao Pu Jing Shi Pia,Web,12,7.33(16),6.81(16),N/A(0),171
Heikousen,MusicVideo,1,7.33(73),6.93(73),N/A(0),120
"Ima, Soko ni Iru Boku",TVSeries,13,7.33(4410),7.76(4448),7.35(14),9150
Spy x Family (2023),TVSeries,12,7.33(519),7.52(523),5.00(1),1617
Tekkon Kinkreet (2006),Movie,1,7.33(1937),7.57(1956),8.83(2),4479
Hadashi no Gen 2,Movie,1,7.32(455),7.16(456),N/A(0),1142
Lupin Sansei (1977),TVSeries,155,7.32(563),7.38(571),N/A(0),2226
Shiki,TVSeries,22,7.32(5014),7.69(5063),6.74(8),11036
Sidonia no Kishi: Daikyuu Wakusei Sen`eki,TVSeries,12,7.32(1855),7.55(1862),5.00(1),4262
Uchuu Senkan Yamato 2205: Aratanaru Tabidachi,Movie,2,7.32(66),7.02(66),N/A(0),282
Vampire Hunter D (2001),Movie,1,7.32(5629),7.84(5672),7.95(7),9411
Bu She Zhi She,Movie,1,7.31(94),6.40(95),N/A(0),238
Douluo Dalu: Shuang Shen Zhan Shuang Shen,Web,3,7.31(16),6.90(16),N/A(0),62
Ghost Hunt,TVSeries,25,7.31(4354),7.95(4404),6.71(9),8917
Gochuumon wa Usagi Desuka??,TVSeries,12,7.31(1204),7.54(1215),N/A(0),3063
Jormungand: Perfect Order,TVSeries,12,7.31(2490),7.59(2507),8.33(1),5765
Kidou Senshi Gundam 0080: Pocket no Naka no Sensou,OVA,6,7.31(1720),7.56(1727),7.39(5),3900
Kigeki,OVA,1,7.31(3026),7.74(3049),7.99(6),5152
Tiger & Bunny,TVSeries,25,7.31(2308),7.59(2324),6.55(3),5856
Uchuu Kaizoku Captain Herlock,TVSeries,42,7.31(626),7.33(636),7.33(2),2425
Ao Ashi,TVSeries,24,7.30(305),7.41(308),N/A(0),856
Bleach: Sennen Kessen Hen - Ketsubetsu Tan,TVSeries,13,7.30(359),7.45(368),3.50(1),1147
Break Blade,Movie,6,7.30(3271),7.71(3299),6.72(3),7662
Claymore,TVSeries,26,7.30(11939),8.14(12374),7.58(16),21549
"Doukyonin wa Hiza, Tokidoki, Atama no Ue.",TVSeries,12,7.30(1075),7.51(1079),N/A(0),2453
Gekijouban Seitokai Yakuindomo,Movie,1,7.30(473),7.40(478),N/A(0),1492
Kyojin no Hoshi,TVSeries,182,7.30(33),6.61(34),N/A(0),194
Lupin Sansei: Otakara Henkyaku Daisakusen!!,TVSpecial,1,7.30(416),7.39(418),7.50(1),1355
Watashi no Ashinaga Ojisan,TVSeries,40,7.30(319),7.50(328),9.50(1),1020
Xiao Lu He Xiao Lan,Web,72,7.30(32),6.33(32),N/A(0),149
Ace o Nerae! (1979),Movie,1,7.29(215),6.74(218),N/A(0),730
Eiga Given,Movie,1,7.29(226),7.27(227),N/A(0),596
Fanren Xiu Xian Chuan Tebie Pian,Web,4,7.29(33),6.96(33),N/A(0),99
Furi Kuri,OVA,6,7.29(13218),7.92(13408),8.15(27),22086
Kimetsu no Yaiba: Asakusa Hen,TVSpecial,1,7.29(15),7.20(15),N/A(0),55
Musashi no Ken,TVSeries,72,7.29(64),6.65(64),N/A(0),326
Ouritsu Uchuugun: Honneamise no Tsubasa,Movie,1,7.29(1943),7.45(1957),7.28(4),4235
Tsurune: Tsunagari no Issha,TVSeries,13,7.29(127),7.22(128),N/A(0),469
Gungrave,TVSeries,26,7.28(6631),8.01(6734),8.26(19),13177
Juuichinin Iru!,Movie,1,7.28(638),7.15(642),5.70(4),1438
Kuroshitsuji: Book of Circus,TVSeries,10,7.28(1057),7.59(1068),N/A(0),2788
Paradise Kiss,TVSeries,12,7.28(3128),7.85(3163),8.95(4),6298
Yi Nian Yongheng,Web,52,7.28(52),7.24(53),N/A(0),216
Aikatsu Stars!,TVSeries,100,7.27(111),6.85(112),N/A(0),517
Baja no Studio: Baja no Mita Umi,OVA,1,7.27(92),6.72(92),N/A(0),216
Doukyuusei,Movie,1,7.27(559),7.17(564),N/A(0),1155
Horimiya,TVSeries,13,7.27(1821),7.58(1835),5.58(2),3952
Junjou Romantica 2,TVSeries,12,7.27(872),7.78(895),N/A(0),1870
Ryuu no Haisha,TVSpecial,2,7.27(817),7.25(821),N/A(0),1956
Seitokai Yakuindomo * OAD,OVA,9,7.27(593),7.47(599),N/A(0),2266
Angel Densetsu,OVA,2,7.26(1035),7.28(1037),N/A(0),1991
Cheburashka,Movie,1,7.26(47),6.62(47),N/A(0),137
Gekijouban Soushuuhen Haikyuu!!,Movie,2,7.26(196),7.25(199),N/A(0),556
High Score Girl,TVSeries,12,7.26(1276),7.41(1281),N/A(0),2753
K-On!,TVSeries,12,7.26(8939),7.78(9032),6.80(8),17215
Mikan Enikki,TVSeries,30,7.26(85),6.84(87),N/A(0),298
Mind Game,Movie,1,7.26(2710),7.55(2731),8.29(5),5552
Omoide Poroporo,Movie,1,7.26(2537),7.47(2548),8.91(2),5501
Slayers Try,TVSeries,26,7.26(2646),7.79(2666),7.66(3),5900
Toaru Hikuushi e no Tsuioku,Movie,1,7.26(1505),7.55(1509),6.50(1),3471
Yowamushi Pedal: Grande Road,TVSeries,24,7.26(913),7.48(918),N/A(0),2028
Yuru Yuri Nachuyachumi!,OVA,1,7.26(1091),7.39(1097),N/A(0),2290
Chii`s Sweet Home,TVSeries,104,7.25(1678),7.69(1704),6.41(2),3875
Da Yu Hai Tang,Movie,1,7.25(335),7.05(336),5.33(2),924
Dia no Ace,TVSeries,75,7.25(1172),7.58(1178),N/A(0),2992
Dragon Ball Super: Broly,Movie,1,7.25(933),7.45(946),6.99(2),2063
Drifters,TVSeries,12,7.25(2761),7.54(2778),N/A(0),6167
Hi no Tori: Uchuu Hen,OVA,1,7.25(248),6.84(249),N/A(0),716
Interstella 5555,Movie,1,7.25(2211),7.61(2225),7.28(4),4010
Kimi ga Nozomu Eien,TVSeries,14,7.25(7880),8.03(8040),7.84(27),12716
Meitantei Conan: Senritsu no Full Score,Movie,1,7.25(584),7.48(591),N/A(0),1685
Princess Sara,TVSeries,46,7.25(362),7.31(367),N/A(0),1076
Top o Nerae 2!,OVA,6,7.25(3076),7.62(3106),7.05(3),6851
Urusei Yatsura,TVSeries,195,7.25(1094),7.55(1121),7.50(2),3943
Voyager,Web,1,7.25(72),6.81(72),N/A(0),153
Yoake Tsugeru Lu no Uta,Movie,1,7.25(520),7.23(520),N/A(0),1222
